material_id,formula,space_group,crystal_system,formation_energy_per_atom,band_gap,density,nsites,is_stable,energy_above_hull
mp-1523737,NClO,P2_1/c,Monoclinic,0.0901382308333325,2.0666,1.8124752360018217,12,False,0.1594672271527786
mp-1567687,V3OF7,C2/m,Monoclinic,-3.022539932272728,1.3813,3.2152340493491596,22,False,0.0969362979545405
mp-1568124,V3OF7,P-1,Triclinic,-3.0143060536363633,1.3699999999999999,3.227839034611338,22,False,0.10517017659090566
mp-1568829,Fe4OF6,P1,Triclinic,-2.3232630954545446,2.6285000000000003,4.420858799379854,22,False,0.06526977727272687
mp-1569012,Fe4OF6,Pm,Monoclinic,-2.313648041363636,2.4446,4.482592417901085,22,False,0.07488483136363566
mp-1574300,V2OF5,P1,Triclinic,-3.042165451666667,1.8125999999999998,3.2080639218475167,24,False,0.004112301250000172
mp-1574993,V2OF5,P3_1,Trigonal,-3.044634766666667,0.5307999999999999,3.567041599698735,24,False,0.0016429862500002557
mp-1638869,Fe4OF6,C2/c,Monoclinic,-2.340080513636363,2.785,4.400628189676345,22,False,0.04845235909090828
mp-1648259,V2OF5,P3_2,Trigonal,-3.046277752916667,0.5952,3.565810942463263,24,True,0.0
mp-1652491,Fe4OF6,P-1,Triclinic,-2.3394516481818175,2.7748,4.406342208125923,22,False,0.04908122454545438
mp-1950989,BaO,P6_3/mmc,Hexagonal,-2.7802067300000006,2.5282,5.006551621395645,4,False,0.04343597749999972
mp-1974672,K2O,P4_2/mcm,Tetragonal,-1.1078759170833337,1.3903999999999999,2.2674170161472116,24,False,0.07153035500000016
mp-1974703,FeO,P-1,Triclinic,-1.1925727681250002,0.5488999999999997,5.867315203727379,8,False,0.1682073175000003
mp-1974803,H2O,Cc,Monoclinic,-1.2796226074999997,6.127800000000001,1.0399863544876056,12,False,0.000380385833333996
mp-1974948,Na2O,P321,Trigonal,-1.3520595381417624,2.6124,2.7255985798114417,9,False,0.0736791477777774
mp-1975124,K2O,P6_3mc,Hexagonal,-1.1131218370833338,2.2661,2.3850048089074574,6,False,0.06628443500000003
mp-1975297,Na2O,C2/m,Monoclinic,-1.3276140742528726,1.6666999999999998,2.1778206941990232,6,False,0.09812461166666742
mp-2015815,PCl3O,Pnma,Orthorhombic,-1.2186257794285715,5.1883,2.00485121564676,20,False,0.25138123010000335
mp-2023482,Rb2O,P-3m1,Trigonal,-1.0192492748611117,0.7837000000000001,3.377194457126542,9,False,0.047853428888886995
mp-2039648,CrO,P2/m,Monoclinic,-1.8708911443749994,0.0,4.81916210759937,8,False,0.13362074249999978
mp-2208711,NdSO,Cmce,Orthorhombic,-2.8313490634375,1.7649,5.766646675102537,24,False,0.0038147807812549672
mp-2214826,WOF4,P-1,Triclinic,-2.628979135833333,4.9533000000000005,4.359834887843566,12,False,0.05352794166666719
mp-2216570,MnOF,P1,Triclinic,-2.337360300977012,0.14400000000000013,4.3704556582889325,24,False,0.05714559277775688
mp-2221678,Cu2OF2,C2/c,Monoclinic,-1.421700826,0.045899999999999996,3.82079023193355,10,False,0.04194169299999917
mp-2236954,CoOF,Pc,Monoclinic,-1.5476884233333337,0.2315999999999998,5.097914468113445,18,False,0.15912881666666667
mp-2346983,ZnO,P6_3/mmc,Hexagonal,-1.5668722149999996,0.8378,4.049918989511721,4,False,0.22402689749999993
mp-2468835,Li7B18O,P2/m,Monoclinic,-0.41602970897435926,0.0,1.8041686563718107,26,False,0.029330214096150442
mp-2525045,Zr2N2O,P2_1/m,Monoclinic,-2.1043299840000005,0.9192,5.731664039006462,10,False,0.21523155150000228
mp-2646974,MoSO,P4bm,Tetragonal,-0.7411964266666663,0.14380000000000015,3.6252404497422384,12,False,0.8708893324999991
mp-2646987,InO,P-6m2,Hexagonal,-1.4353931108333322,0.40490000000000004,2.6490811933610896,4,False,0.2263297122222232
mp-2647012,Bi2Te2O,P4/nmm,Tetragonal,-0.6192434066666678,0.4676999999999998,7.843830792378461,10,False,0.2541822956666717
mp-2647027,Bi2Se2O,P4/nmm,Tetragonal,-0.7878874689375011,0.9630000000000001,7.909259691726345,10,False,0.20563608233333674
mp-2647151,H5C56O,P1,Triclinic,-0.012399991794356333,0.6288,0.5214494088605968,62,False,0.06477534381048322
mp-2675451,VOF,Pnma,Orthorhombic,-2.8144815875,2.0816,4.546001342333701,12,False,0.03765136666666713
mp-2739191,H2O,C222_1,Orthorhombic,-1.230554994166667,5.7031,1.180648864507786,12,False,0.049447999166666534
mp-2750216,V2OF5,P1,Triclinic,-3.045462749583334,0.5253,3.5619329988098447,24,False,0.0008150033333329532
mp-2752910,La5Pb3O,I4/mcm,Tetragonal,-1.3749573115277813,0.0,7.781568518237454,18,True,0.0
mp-2766955,PCl3O,Pna2_1,Orthorhombic,-1.1420119783452378,5.3414,1.5894177864645984,20,False,0.018552960500000992
mp-2767167,NbOF3,P-1,Triclinic,-3.242645672499999,4.1307,3.162493288113848,20,False,0.04974180650000104
mp-2767589,BiOF,P2_1/c,Monoclinic,-2.2301870641666905,3.7632000000000003,9.200866931128695,12,True,0.0
mp-2767639,FeO,C2/c,Monoclinic,-1.2514599243750002,0.0,6.0946286956824505,8,False,0.10932016125000033
mp-2802611,H3ClO,R3m,Trigonal,-1.0247434877500006,5.5012,1.3114516088755326,5,False,0.06905629350000009
mp-2803876,AgO,P4_2/mmc,Tetragonal,-0.4425717658333319,0.0,6.730482171210601,4,True,0.0
mp-2831286,MnO,Cmc2_1,Orthorhombic,-1.9772052277155172,0.9851000000000001,4.231658361701393,8,False,0.05536453875000191
mp-2903341,VOF3,P2_1/c,Monoclinic,-2.663690812,4.1483,2.641432435188485,20,False,0.0485269835000004
mp-3216524,Yb3SiO,Imma,Orthorhombic,-1.5452387977499995,0.0,9.94947982767237,10,False,0.23327830516666737
mp-3216596,Yb3GeO,Imma,Orthorhombic,-1.599535311750003,0.0,10.584849593077797,10,False,0.17365354450000225
mp-3216921,YbOF,P4/nmm,Tetragonal,-4.284178442916667,5.4508,9.291585363032251,6,True,0.0
mp-3216986,Yb2I2O,P4/mmm,Tetragonal,-1.0840164447500058,0.0,4.327898267503226,5,False,1.0381533044999962
mp-768368,K4I2O,I4/mmm,Tetragonal,-1.4168959677142854,1.2540999999999998,2.902344647090159,7,False,0.06618849999999954
mp-768372,SbBrO,P2_1/c,Monoclinic,-1.277118806388889,2.5399000000000003,4.846577743932965,36,False,0.14437507388888626
mp-768810,Sr4Br6O,P4_2/nmc,Tetragonal,-2.27378403,3.4836,4.019262195905326,22,False,0.33525747095454594
mp-768906,YBrO,P4/nmm,Tetragonal,-3.1224464916666697,4.4849,4.8136054086580735,6,False,0.09875915930555212
mp-769118,HoSO,Cmce,Orthorhombic,-3.028261964166665,1.1684,7.264256965829092,12,True,0.0
mp-769173,PrOF,R-3m,Trigonal,-4.125393947222223,4.4369,6.35305416128651,6,True,0.0
mp-769398,Na3IO,P6_3/mmc,Hexagonal,-1.3763161214942545,1.6772,3.337904531570492,30,False,0.05914405533333067
mp-772199,Rb3ClO,P6_3/mmc,Hexagonal,-1.4298000065,0.6094999999999999,2.9902507074179128,30,False,0.1480500229999988
mp-772222,TmClO,P4/nmm,Tetragonal,-3.3074653133333363,5.094099999999999,7.382640645370896,6,False,0.16665268749999917
mp-772290,LiAgO,I4/mmm,Tetragonal,-1.2544819891666645,1.0898999999999999,5.524678946683956,12,True,0.0
mp-772295,TmClO,R-3m,Trigonal,-3.3774564766666706,4.5304,6.53170869824047,6,False,0.09666152416666485
mp-772624,Al2CO,Pna2_1,Orthorhombic,-1.4225238650000014,2.662799999999999,2.9852138579034806,16,False,0.07650396250000036
mp-773116,La20S29O,I-42d,Tetragonal,-2.5457210712499996,1.9417999999999997,4.972143128457204,100,False,0.006076079849994365
mp-773667,Ge2N2O,I4_1/amd,Tetragonal,-0.5857131505000005,2.3691000000000004,5.862959304605854,40,False,0.2340171729999998
mp-773817,Sn2N2O,P1,Triclinic,-0.44190680800000026,0.006999999999999673,7.016208101331526,40,False,0.20997415299999922
mp-773830,Sn2N2O,P1,Triclinic,-0.4346104712500001,0.04240000000000066,7.003674048409795,40,False,0.21727048974999974
mp-773831,Sn2N2O,P1,Triclinic,-0.43893432925000014,0.06409999999999982,7.011624940877219,40,False,0.2129466317499995
mp-774048,Fe4OF7,P1,Triclinic,-2.41752186625,1.9254000000000002,4.111973585082322,24,False,0.05639031879629375
mp-774172,Mn3OF5,Cmmm,Orthorhombic,-2.7407398254214552,0.0,3.91853595881812,18,False,0.03508471481480946
mp-774185,Mn6OF11,Pc,Monoclinic,-2.829198031254789,0.3546,3.890635367764505,36,False,0.041956170601857856
mp-774191,Fe3OF7,R3m,Trigonal,-2.3748790781818174,2.5265,3.438210516346847,11,False,0.13075276171716776
mp-774316,Mn6OF11,Pc,Monoclinic,-2.831086250143678,0.5436,3.8785110495622654,36,False,0.04006795171296851
mp-774326,Ni3OF5,Cm,Monoclinic,-1.9949769272222215,0.6995999999999999,4.644051637696497,18,False,0.07178326324074202
mp-774350,Mn6OF11,P-1,Triclinic,-2.8501285243103447,1.1909,4.110629968379723,36,False,0.02102567754630158
mp-774359,V3OF11,P-1,Triclinic,-2.8581531986666664,0.9625000000000001,3.051007290812377,30,False,0.04926338450000767
mp-774379,Cr4OF11,P1,Triclinic,-2.879840598125,0.8695999999999999,3.61032856041562,32,False,0.036127216208336144
mp-774380,Co2OF3,P1,Triclinic,-1.924703210333334,0.0,4.5853602494322425,30,False,0.09930631966666681
mp-774387,V4OF11,C2,Monoclinic,-3.1293557468750004,1.4979,3.2663931022980943,32,False,0.0036481089583331183
mp-774472,PrSO,Cmce,Orthorhombic,-2.9181054738888945,1.4090000000000007,5.526093158635937,12,True,0.0
mp-775020,Mn2OF3,C2/m,Monoclinic,-2.596752176810345,0.9061999999999999,4.042925001176597,12,False,0.08374270180553811
mp-775287,Fe10OF19,Amm2,Orthorhombic,-2.5233646203333335,1.4960999999999998,4.087083666298413,30,False,0.020255108685184986
mp-775438,V2OF5,P1,Triclinic,-3.042222145625,1.552,3.2543252281680166,32,False,0.004055607291667762
mp-775783,Hf2N2O,P1,Triclinic,-2.382987215,2.0671,10.60174815250999,40,False,0.13141799399999954
mp-775784,Hf2N2O,P1,Triclinic,-2.3883993825000003,2.091,10.60618524024298,40,False,0.12600582649999836
mp-775785,Hf2N2O,P1,Triclinic,-2.3849882444999992,2.0252999999999997,10.596230063753202,40,False,0.12941696450000073
mp-775786,Hf2N2O,P1,Triclinic,-2.38599297975,2.029000000000001,10.609199052184774,40,False,0.1284122292499994
mp-775787,Hf2N2O,P-3m1,Trigonal,-2.3007231404999997,1.6197999999999997,9.457820071628142,40,False,0.21368206849999893
mp-775788,Hf2N2O,I4_1/amd,Tetragonal,-2.302192515,1.3567,9.451601024028232,40,False,0.21221269399999976
mp-775799,Hf2N2O,P1,Triclinic,-2.3878071752500007,2.4109999999999996,10.604163466120102,40,False,0.12659803374999967
mp-775802,Zr2N2O,P1,Triclinic,-2.1902321150000006,1.7373999999999996,5.753315310496082,40,False,0.1293294205000013
mp-775803,Ti2N2O,P1,Triclinic,-1.982641635083334,0.9375999999999998,4.338758145435751,40,False,0.20744262300000038
mp-775805,Zr2N2O,C2,Monoclinic,-2.1118859635000007,1.9187999999999996,5.659916472676594,20,False,0.2076755720000012
mp-775808,MgO,P3m1,Trigonal,-2.906228543333335,3.4114000000000004,2.824280823400726,12,False,0.13208062666666454
mp-775820,Ti2N2O,P1,Triclinic,-1.9854966088333341,0.9737,4.33497744184469,40,False,0.2045876492500014
mp-775821,Ti2N2O,P1,Triclinic,-1.9845631468333351,0.9763000000000002,4.3399955565826245,40,False,0.2055211112500004
mp-775822,Zr2N2O,P1,Triclinic,-2.191379583,1.6751999999999998,5.753658942477428,40,False,0.12818195250000208
mp-775823,Zr2N2O,P1,Triclinic,-2.1884569159999985,1.6481,5.751845640649897,40,False,0.13110461950000385
mp-775824,Zr2N2O,P1,Triclinic,-2.18728162875,1.6551,5.754809200231004,40,False,0.13227990675000179
mp-775829,Ti2N2O,P1,Triclinic,-1.9851293360833338,1.0598999999999998,4.333506491578791,40,False,0.20495492200000065
mp-775843,Zr2N2O,P1,Triclinic,-2.188524859749998,1.6504000000000003,5.7549128525475775,40,False,0.13103667575000344
mp-775844,Zr2N2O,P1,Triclinic,-2.1861050337499988,1.5814000000000004,5.7555174234087225,40,False,0.13345650175000223
mp-775849,Zr2N2O,P1,Triclinic,-2.09719692125,1.6698000000000004,5.802260782519101,40,False,0.22236461425000265
mp-775861,Zr2N2O,P1,Triclinic,-2.18848033875,1.6810000000000005,5.754412665915837,40,False,0.13108119675000118
mp-775863,Zr2N2O,Cm,Monoclinic,-2.1224775960000017,1.6522999999999994,5.994046464805055,30,False,0.19708393950000058
mp-775866,Zr2N2O,P1,Triclinic,-2.1923555842499978,1.7744999999999997,5.751372559433112,40,False,0.12720595125000322
mp-775981,VOF3,P-1,Triclinic,-2.6491414134999998,1.8410999999999997,3.032605837432705,20,False,0.06307638200000021
mp-776016,K2O,Pbca,Orthorhombic,-1.2134567327499994,1.3316,2.344254742699141,24,False,0.020421303750000064
mp-776040,VOF,P2/m,Monoclinic,-2.800831276666667,0.8874,4.098239599667126,24,False,0.0513016774999997
mp-776081,K2O,P2_1,Monoclinic,-1.145660673166666,1.7426,2.365977560165792,6,False,0.08821736333333341
mp-776090,VOF,P2_1/c,Monoclinic,-2.8024144366666675,1.4477000000000002,4.10729827284567,24,False,0.04971851749999878
mp-776104,K2O,P4_2/nmc,Tetragonal,-1.1828106460833325,0.8928999999999999,2.1409947642857037,24,False,0.05106739041666719
mp-776201,Zr2N2O,C2/m,Monoclinic,-2.0990443659999998,0.9144999999999999,5.1541062472989045,20,False,0.22051716950000255
mp-776205,Hf2N2O,P2_1/m,Monoclinic,-2.2942619129999997,1.2397999999999998,10.613437018361632,10,False,0.22014329599999982
mp-776212,Hf2N2O,P1,Triclinic,-2.384880379499998,2.0725999999999996,10.601364585827314,40,False,0.1295248295000011
mp-776213,Hf2N2O,P1,Triclinic,-2.3843534872500016,2.0317999999999996,10.603837178978074,40,False,0.13005172174999835
mp-776214,Hf2N2O,P1,Triclinic,-2.3834544002499998,2.0381,10.606533705515583,40,False,0.13095080875000065
mp-776220,Hf2N2O,C2/c,Monoclinic,-2.312294366666667,2.2156000000000002,10.53760454716281,30,False,0.20211084233333132
mp-776225,Hf2N2O,P1,Triclinic,-2.386551365,1.9416000000000002,10.601555537955347,40,False,0.12785384400000055
mp-776226,Hf2N2O,P1,Triclinic,-2.383409771999999,2.0254000000000003,10.610558677515549,40,False,0.13099543700000105
mp-776229,Ti2N2O,P1,Triclinic,-1.988241380833334,1.0034,4.338423660548882,40,False,0.2018428772500016
mp-776235,Zr2N2O,Pnma,Orthorhombic,-2.1034296699999997,0.07620000000000005,6.239698323164703,20,False,0.2161318655000013
mp-776239,Zr2N2O,C2/c,Monoclinic,-2.094724848333335,1.5627999999999997,5.700420464710095,30,False,0.2248366871666665
mp-776245,Zr2N2O,P1,Triclinic,-2.1339228816666673,1.0257000000000005,6.015141226034808,30,False,0.185638653833335
mp-776246,Zr2N2O,P1,Triclinic,-2.1886721814999985,1.5631000000000004,5.751760939171278,40,False,0.13088935400000246
mp-776250,Zr2N2O,P-1,Triclinic,-2.1003850990000004,0.8561000000000001,5.740629291162943,10,False,0.21917643650000151
mp-776259,Hf2N2O,P1,Triclinic,-2.3831671075000003,2.0534,10.603719348780903,40,False,0.13123810149999926
mp-776260,Zr2N2O,P1,Triclinic,-2.1884903720000013,1.6503999999999999,5.753908867666377,40,False,0.13107116350000148
mp-776271,Zr2N2O,C2/c,Monoclinic,-2.1105394743333337,1.7631000000000006,5.6726942114938765,30,False,0.2090220611666691
mp-776273,Zr2N2O,C2/m,Monoclinic,-2.126966136333335,1.6695000000000002,5.998641930956072,30,False,0.19259539916666668
mp-776278,Ti2N2O,P1,Triclinic,-1.9839410755833342,0.9256000000000002,4.3371637458071355,40,False,0.20614318249999997
mp-776280,Ti2N2O,P1,Triclinic,-1.9889637855833342,0.9356,4.336491620800719,40,False,0.2011204725000013
mp-776281,Zr2N2O,P1,Triclinic,-2.1872077207500014,1.5861,5.754807746757466,40,False,0.13235381475000096
mp-776313,Ti2N2O,P1,Triclinic,-1.9845588840833344,0.9964000000000004,4.330407753630005,40,False,0.20552537400000048
mp-776314,Zr2N2O,P1,Triclinic,-2.1876961817500002,1.6107,5.7534410109839245,40,False,0.1318653537500012
mp-776315,Zr2N2O,P1,Triclinic,-2.1899928880000017,1.6814999999999998,5.754332814844186,40,False,0.1295686474999993
mp-776334,Ti2N2O,P1,Triclinic,-1.982224498583335,0.9614000000000003,4.3373766343373745,40,False,0.2078597594999998
mp-776335,Zr2N2O,P1,Triclinic,-2.1892359830000006,2.1220999999999997,5.757118373093753,40,False,0.13032555250000222
mp-776336,Ti2N2O,P1,Triclinic,-1.9841428643333345,0.9129999999999994,4.340027810817213,40,False,0.20594139375000076
mp-776337,Zr2N2O,P1,Triclinic,-2.1875462520000015,2.0527999999999995,5.754584786219988,40,False,0.13201528350000125
mp-776360,Zr2N2O,P1,Triclinic,-2.189271769250001,2.1159,5.753882178160162,40,False,0.13028976624999977
mp-776361,Ti2N2O,P1,Triclinic,-1.9867672240833343,0.9390000000000001,4.3372327667433215,40,False,0.20331703400000123
mp-776362,Zr2N2O,P1,Triclinic,-2.18654282175,1.5772999999999997,5.755452899276388,40,False,0.13301871375000296
mp-776363,Zr2N2O,P1,Triclinic,-2.191401206750001,1.9769999999999994,5.750637406285562,40,False,0.12816032875000083
mp-776387,Ti2N2O,C2/m,Monoclinic,-1.967117420333335,0.36300000000000043,4.109867299678297,20,False,0.22296683775000048
mp-776441,VOF3,P-1,Triclinic,-2.6494580639999996,1.8397,3.013749817345597,20,False,0.0627597315000008
mp-776473,VOF3,P1,Triclinic,-2.686548811,2.9487,2.8485465871256364,20,False,0.025668984500000214
mp-776474,VOF3,P1,Triclinic,-2.689307203,3.0568,2.7511635369908425,20,False,0.022910592500000604
mp-776505,Cr4OF11,P-1,Triclinic,-2.880187584375,0.9281,3.6030503949352637,32,False,0.03578022995833585
mp-776537,V3OF11,P1,Triclinic,-2.8671696093333328,1.5278,2.9995036992537343,30,False,0.04024697383334086
mp-776552,Mn2OF3,C2/m,Monoclinic,-2.6193159851436785,0.4899,4.039115292430029,24,False,0.06117889347220462
mp-776577,V2OF5,C2,Monoclinic,-3.0412294896875,1.4855,3.284483896649312,32,False,0.005048263229167738
mp-776596,VOF2,P1,Triclinic,-2.8532464066666683,1.7098,3.571571655664412,24,False,0.005611798645832167
mp-776658,BaO,Cmcm,Orthorhombic,-2.812731088124999,2.2694,5.9277500353077475,32,False,0.01091161937500118
mp-776890,Rb2O,Pbca,Orthorhombic,-1.1190978749999996,0.9376,3.9573671875510814,24,False,0.014070498333333514
mp-776911,MgO,P6_3mc,Hexagonal,-2.8999533087500007,3.4257,2.816647557081739,8,False,0.1383558612499991
mp-776922,Rb2O,P3,Trigonal,-1.1305932611111114,0.19210000000000005,2.975550522999305,9,False,0.0025751122222219536
mp-776952,Na2O,P3,Trigonal,-1.3462201348084295,1.5041,2.5058169770350736,9,False,0.07951855111111028
mp-776963,Mn6OF11,P1,Triclinic,-2.836657759032567,0.03069999999999995,3.8916972692492426,36,False,0.034496442824080376
mp-776966,Sn2N2O,P1,Triclinic,-0.43703138925000007,0.10289999999999999,7.005734756817159,40,False,0.2148495717499994
mp-776976,CoOF,P2/m,Monoclinic,-1.5887629950000004,0.0,5.026136345679297,24,False,0.11805424500000061
mp-777061,MnOF,P1,Triclinic,-2.314886483060345,0.058800000000000185,4.412477627319314,24,False,0.07961941069442346
mp-777106,V2OF5,P1,Triclinic,-3.032462545625,1.4881,3.275092690683212,32,False,0.012172221041666376
mp-777296,MnOF,P2_1/c,Monoclinic,-1.8898949138936783,0.022599999999999953,4.395624524689652,24,False,0.5046109798610905
mp-777302,Sn2N2O,P1,Triclinic,-0.4395691005000003,0.18590000000000018,6.98853997110158,40,False,0.21231186049999984
mp-777314,Sn2N2O,P1,Triclinic,-0.44416903775000166,0.11629999999999985,7.242899315780001,40,False,0.207711923249998
mp-777319,FeOF,Pm,Monoclinic,-2.011958137777778,0.0,4.390778619637478,54,False,0.1134163274074087
mp-777326,Mn2OF3,Amm2,Orthorhombic,-2.6209139705603453,0.0,4.02590079845206,24,False,0.05958090805553784
mp-777337,VOF2,P1,Triclinic,-2.852002222083334,1.5960999999999999,3.5408369041713277,24,False,0.0068559832291663625
mp-777349,MnOF,P-1,Triclinic,-2.314707530977012,0.0,4.351372113098608,18,False,0.07979836277775743
mp-777354,MnOF,P2_1/c,Monoclinic,-2.3207425647270115,0.0,4.3577126516499245,24,False,0.07376332902775662
mp-777377,Co3OF5,C2/m,Monoclinic,-2.062726771111112,0.15470000000000006,4.538137753466259,18,False,0.06701352222222123
mp-777382,Ni3OF5,P-1,Triclinic,-1.9926408227777774,0.30299999999999994,4.686204006577688,18,False,0.0741193676851859
mp-777394,Sn2N2O,P-3m1,Trigonal,-0.46179129900000004,0.7619000000000007,6.554428570314307,40,False,0.1900896620000001
mp-777398,Co6OF11,Amm2,Orthorhombic,-2.19873559,0.6333,4.458278161979752,18,False,0.036735466666665495
mp-777440,V3OF11,P1,Triclinic,-2.867087757333333,1.6069999999999998,3.003700046870184,30,False,0.040328825833340964
mp-777483,Ge2N2O,Cc,Monoclinic,-0.6043310159999997,2.3342,4.705444855268448,10,False,0.21539930750000114
mp-777519,Mn6OF11,Pc,Monoclinic,-2.8333428076436777,0.39459999999999995,3.9138342087491047,36,False,0.03781139421296853
mp-777541,Fe2OF3,Pnma,Orthorhombic,-2.2636981354166665,1.6320000000000001,3.897830103386866,24,False,0.0940348096759207
mp-777544,Co2OF3,Amm2,Orthorhombic,-1.9486583422222215,0.6997999999999999,4.533908742944491,18,False,0.0753511877777786
mp-777546,NaSnO,P4/nmm,Tetragonal,-1.348088182126436,0.0,4.257977554525209,6,False,0.0860556229166658
mp-777723,V3OF11,Pc,Monoclinic,-2.897033669999999,1.8997,3.3543579088255333,30,False,0.0103829131666755
mp-777763,Mn6OF11,P-1,Triclinic,-2.829900987643678,0.4539000000000001,3.8818287247689707,36,False,0.04125321421296846
mp-777772,Mn2OF3,C2/m,Monoclinic,-2.6244894097270115,0.0,4.0043474850773615,24,False,0.05600546888887159
mp-777821,V2OF5,P3_121,Trigonal,-3.0265814891666665,0.6579000000000002,3.288044486503787,24,False,0.01969626375000111
mp-777843,Ge2N2O,P-3m1,Trigonal,-0.5834007562499999,2.3947000000000003,5.874255855969265,40,False,0.2363295672500012
mp-777999,VOF2,Cc,Monoclinic,-2.8537879891666678,0.7243999999999999,3.5702658051667777,24,False,0.0050702161458326955
mp-778194,Ge2N2O,Cc,Monoclinic,-0.6387104740000005,2.4301999999999997,4.602006817099421,10,False,0.18101984950000016
mp-778324,Co2OF3,Amm2,Orthorhombic,-1.9489509216666676,0.5689667573322906,4.564313730088695,30,False,0.07505860833333333
mp-778369,V3OF11,P1,Triclinic,-2.866900772666667,1.5402,3.007114613028667,30,False,0.04051581050000763
mp-778617,Ni3OF5,P-1,Triclinic,-1.9944843094444442,0.5882999999999999,4.632058383679824,18,False,0.0722758810185189
mp-778670,VOF2,P1,Triclinic,-2.856964617083333,1.7832,3.5483037599567497,24,False,0.00189358822916752
mp-778749,VOF2,P3_1,Trigonal,-2.85683134375,1.5198,3.5918593847567952,24,False,0.002026861562500315
mp-778791,Fe4OF7,P1,Triclinic,-2.4125896745833337,1.3306000000000002,4.111295336288271,24,False,0.061322510462959556
mp-778833,CoOF,Pmn2_1,Orthorhombic,-1.576666865,0.0,5.14664318300535,18,False,0.13015037500000037
mp-779009,Ni3OF5,P1,Triclinic,-1.9952351216666662,0.6993,4.642820137634433,18,False,0.07152506879629694
mp-779089,CoOF,P2/m,Monoclinic,-1.5614299149999995,0.0,4.939029647684557,18,False,0.1453873250000015
mp-779095,Mn3OF5,P-1,Triclinic,-2.7299899870881226,0.0,3.9407357839065544,18,False,0.045834553148142554
mp-779105,Cu6OF11,P1,Triclinic,-1.6978588983333343,0.0,5.064529862955675,18,False,0.02126731154513717
mp-779315,VOF,Pm,Monoclinic,-2.800994511250001,0.7536999999999998,4.091435140739222,24,False,0.05113844291666503
mp-779316,VOF,Pm,Monoclinic,-2.8014430150000003,0.8796000000000004,4.096332843370697,24,False,0.05068993916666642
mp-779339,Fe3OF5,Amm2,Orthorhombic,-2.3540321322222217,0.25750000000000006,4.129836187080928,18,False,0.08115363950617294
mp-779347,V4OF11,P-1,Triclinic,-3.1302751706249996,1.5215999999999998,3.608118467131876,32,False,0.002728685208333914
mp-779354,Fe6OF11,Amm2,Orthorhombic,-2.468713430555555,1.6231000000000002,4.173293601196197,18,False,0.04392516780863698
mp-779357,V3OF11,P1,Triclinic,-2.8912958200000003,2.1816,3.3404668977409524,30,False,0.01612076316667377
mp-779360,VOF,P2_1,Monoclinic,-2.806052723750001,1.5008,4.098139728236311,24,False,0.0460802304166652
mp-779363,Cr4OF11,P1,Triclinic,-2.8795771837500004,0.9148000000000001,3.614861889881143,32,False,0.03639063058333569
mp-779365,V2OF5,P1,Triclinic,-3.045368714166667,1.5278,3.5592698922968955,24,False,0.0009090387500005903
mp-779386,Fe3OF5,C2/m,Monoclinic,-2.3184209377777774,0.0008000000000001339,4.1644426650641355,18,False,0.11676483395061776
mp-779445,V3OF11,P1,Triclinic,-2.891323222000001,2.1551,3.330767517191645,30,False,0.016093361166673148
mp-779451,Fe2OF3,Cmcm,Orthorhombic,-2.3006404200000006,0.0,4.17125131921657,12,False,0.05709252509258622
mp-779457,Ge2N2O,P1,Triclinic,-0.5680352785000004,1.7353,4.595099388104047,20,False,0.25169504499999995
mp-779551,Ba4Br6O,P2_12_12_1,Orthorhombic,-2.313803127045454,3.3563,3.905423968177501,44,False,0.31108213159091225
mp-779592,GdOF,Fddd,Orthorhombic,-4.128085444166666,3.3509,6.867571136213494,12,False,0.05619043916666833
mp-779605,Cr4OF11,C2,Monoclinic,-2.8792472978125003,0.8343,3.6132073470907127,32,False,0.036720516520835744
mp-779609,V4OF11,P1,Triclinic,-3.1299205296875003,1.4304,3.2835288800464326,32,False,0.003083326145833176
mp-779662,Zr5Sn3O,P6_3/mcm,Hexagonal,-1.115564977222222,0.0,7.727126451088062,18,True,0.0
mp-779738,Hf2N2O,P1,Triclinic,-2.385457897249998,2.0681000000000003,10.605622851599092,40,False,0.12894731175000196
mp-779739,Hf2N2O,P1,Triclinic,-2.3879953899999977,2.1027000000000005,10.600883340569341,40,False,0.1264098190000027
mp-779833,Hf2N2O,P1,Triclinic,-2.380919756749998,1.9989,10.60333059546373,40,False,0.1334854522500013
mp-779837,Hf2N2O,P1,Triclinic,-2.387665322999999,2.0789,10.610156847320699,40,False,0.12673988600000108
mp-779863,Hf2N2O,P1,Triclinic,-2.3842803632499994,2.0569999999999995,10.602979607146127,40,False,0.13012484575000016
mp-779864,Hf2N2O,P1,Triclinic,-2.380003211499999,2.0079000000000002,10.610038516863455,40,False,0.13440199749999948
mp-779913,Fe3OF5,C2/m,Monoclinic,-2.389649785555555,1.7289,4.15543980840827,18,False,0.04553598617283949
mp-779973,Hf2N2O,P1,Triclinic,-2.3867407277499977,2.0806999999999993,10.608075467458292,40,False,0.12766448125000096
mp-779974,Hf2N2O,P1,Triclinic,-2.3880786617500007,2.1572000000000005,10.604234602516422,40,False,0.1263265472499988
mp-779975,Hf2N2O,P1,Triclinic,-2.382551800249999,2.0039,10.608924373509755,40,False,0.1318534087500005
mp-779979,Hf2N2O,P1,Triclinic,-2.3850122782499965,2.0202,10.598623777875634,40,False,0.12939293075000258
mp-779980,Hf2N2O,P1,Triclinic,-2.383034223500002,2.0281000000000002,10.599467891273607,40,False,0.13137098549999848
mp-779982,Hf2N2O,P1,Triclinic,-2.378258632249998,1.9263000000000003,10.605948529657734,40,False,0.13614657675000075
mp-779987,Fe3OF5,C2/m,Monoclinic,-2.363658254444444,1.5144,4.164025346373737,18,False,0.07152751728395046
mp-780050,Hf2N2O,Pm,Monoclinic,-2.3024590400000005,1.2310999999999996,11.06620519467828,30,False,0.21194616899999907
mp-780060,Hf2N2O,P1,Triclinic,-2.3856089854999967,2.0671,10.597727997354948,40,False,0.12879622350000375
mp-780061,Hf2N2O,P1,Triclinic,-2.376647529499999,1.9270000000000005,10.61278236579022,40,False,0.13775767949999995
mp-780075,Hf2N2O,P1,Triclinic,-2.3891413987500014,1.9925000000000006,10.601411580620749,40,False,0.12526381024999722
mp-780099,Fe2OF3,C2,Monoclinic,-2.284841445,1.3708,4.189392300402803,24,False,0.07289150009258716
mp-780128,Fe2OF3,Amm2,Orthorhombic,-2.2798136333333323,1.3111,4.176258671900008,30,False,0.07791931175925448
mp-780129,Fe2OF3,Amm2,Orthorhombic,-2.2880942393333337,1.4514999999999998,4.193463118657666,30,False,0.06963870575925313
mp-780169,Hf2N2O,Pm,Monoclinic,-2.3101331999999997,1.1956999999999995,11.065079476778429,30,False,0.20427200899999853
mp-780183,Fe2OF3,C2/m,Monoclinic,-2.261916203333333,1.2707000000000002,4.17277823856449,24,False,0.09581674175925414
mp-780230,Hf2N2O,P1,Triclinic,-2.3852700482499984,1.9989,10.59466060347214,40,False,0.12913516075000153
mp-780231,Hf2N2O,P1,Triclinic,-2.3845255384999975,1.9967000000000006,10.599406378752805,40,False,0.12987967050000293
mp-780232,Hf2N2O,P1,Triclinic,-2.384279459999996,2.0774999999999997,10.600016581945136,40,False,0.13012574900000295
mp-780234,Hf2N2O,P1,Triclinic,-2.38360833575,2.4395,10.595716473277154,40,False,0.13079687324999867
mp-780274,Hf2N2O,P1,Triclinic,-2.385268461999999,1.9789999999999992,10.601879521142823,40,False,0.12913674700000044
mp-780301,Mn6OF11,P2,Monoclinic,-2.782404940421456,0.1977,4.207492276530594,36,False,0.0887492614351908
mp-780323,V3OF11,P2_1,Monoclinic,-2.8908084729999994,0.9848,3.3465118095591135,30,False,0.016608110166674628
mp-780466,Cr4OF11,P1,Triclinic,-2.8797651374999997,0.9155,3.6068330906773736,32,False,0.036202676833336334
mp-780473,Mn6OF11,Cm,Monoclinic,-2.7745887465325674,0.0968,4.248058294668585,36,False,0.0965654553240789
mp-780496,Fe3OF5,Pmn2_1,Orthorhombic,-2.386440232777778,1.4064,4.163740471816959,18,False,0.04874553895061684
mp-780525,Mn6OF11,P2_1,Monoclinic,-2.830230042088123,0.44010000000000005,3.886793482068226,36,False,0.04092415976852415
mp-780556,Co2OF3,P1,Triclinic,-1.9309751196666676,0.0,4.545447287389694,30,False,0.09303441033333382
mp-780664,Mn3OF5,C2/m,Monoclinic,-2.7219973993103443,0.0,3.9125535585259303,18,False,0.05382714092592078
mp-780692,Mn2OF3,C2/m,Monoclinic,-2.618884420143679,0.3097000000000001,4.051145589802003,24,False,0.061610458472204144
mp-780697,Mn2OF3,P1,Triclinic,-2.601246165977012,0.01980000000000004,4.046387260151246,30,False,0.07924871263887123
mp-780699,V4OF11,P2,Monoclinic,-3.1191837175000003,0.9634,3.643375084156543,16,False,0.013820138333333176
mp-780732,CoOF,Pm,Monoclinic,-1.602674091666667,0.0,4.866996869978737,18,False,0.10414314833333371
mp-780740,Fe4OF7,C2/m,Monoclinic,-2.4032041945833327,0.11509999999999998,4.215312461818903,24,False,0.07070799046296106
mp-780763,V2OF5,P1,Triclinic,-3.044573583958334,1.5417,3.584121028892645,32,False,0.001704168958333696
mp-780862,Mn2OF3,P1,Triclinic,-2.604692312977012,0.16290000000000004,4.065341720884144,30,False,0.07580256563887122
mp-780865,Co3OF5,P2_1,Monoclinic,-2.070301695000001,0.9779,4.474885447587189,18,False,0.059438598333332315
mp-781011,V3OF11,P-1,Triclinic,-2.8415005013333334,1.8989,3.0428729870286335,30,False,0.06591608183334063
mp-781049,V4OF11,C2,Monoclinic,-3.130113608125,1.4506,3.60871210754505,32,False,0.002890247708333682
mp-781055,Fe3OF5,P-1,Triclinic,-2.3405783572222223,0.0,4.136085889543191,18,False,0.09460741450617327
mp-781060,Mn2OF3,Cmcm,Orthorhombic,-2.621141649310345,0.0,4.020002133369548,24,False,0.05935322930553788
mp-781081,VOF3,P2_1,Monoclinic,-2.6898256070000004,3.113,2.8294490403517045,10,False,0.022392188499999577
mp-781503,VOF2,P-1,Triclinic,-2.8260465070833347,0.8146,3.347553093694991,24,False,0.03281169822916574
mp-781604,VOF2,P1,Triclinic,-2.858160889583335,1.7276,3.546292381104368,24,False,0.0006973157291652043
mp-781710,NbNO,P1,Triclinic,-1.8311101454166672,1.3512000000000004,6.108949987774437,24,False,0.11971679873276031
mp-782656,Co2OF3,C2/m,Monoclinic,-1.924051140833333,0.0,4.626229282433996,24,False,0.09995838916666777
mp-782663,Co3OF5,Pm,Monoclinic,-2.0663725172222223,0.0,4.5772615821981475,18,False,0.06336777611111089
mp-782725,MnOF,P1,Triclinic,-2.3006820218103443,0.12150000000000016,4.424744019059937,24,False,0.09382387194442376
mp-787619,Hf2N2O,P1,Triclinic,1.2618116415000002,0.0,10.390528071670394,40,False,3.7762168505
mp-787744,Zr2N2O,P1,Triclinic,1.08695479875,0.0,5.588607989647329,40,False,3.4065163342500018
mp-787745,Zr2N2O,P1,Triclinic,1.0703658114999997,0.0,5.588867584799234,40,False,3.3899273470000013
mp-787808,Ti2N2O,P1,Triclinic,1.3107515124166647,0.0,4.340027235003884,40,False,3.5008357704999993
mp-787816,Zr2N2O,P1,Triclinic,1.4868995054999992,0.0,5.5869850966377115,40,False,3.8064610410000013
mp-788130,Sn2N2O,P1,Triclinic,2.37842518,0.0,6.988539801938422,40,False,3.0303061409999996
mp-799001,V4OF11,P1,Triclinic,0.20389273249999995,0.0,3.2789480402322697,16,False,3.3368965883333335
mp-799431,VOF,P1,Triclinic,-0.7401766300000006,0.0,4.358391981396637,12,False,2.111956324166666
mp-799543,Mn2OF2,P1,Triclinic,-0.7267072414224145,0.0,4.0138666867472415,40,False,1.866210983250003
mp-801665,V3OF11,P1,Triclinic,-2.2495520613333326,0.31399999999999983,2.7051980046695956,15,False,0.6578645218333419
mp-802236,Mn5OF11,P1,Triclinic,-1.0852786070385387,0.0,3.2456456409896766,17,False,1.685116689901962
mp-804269,V2OF5,P1,Triclinic,1.649647442083334,0.0,3.286449094037702,24,False,4.695925195000001
mp-805204,V3OF11,P-1,Triclinic,-2.110909573333333,0.045700000000000074,3.051007290812377,30,False,0.7965070098333404
mp-807503,Cr4OF11,P1,Triclinic,-0.3411848131250004,0.0,3.618826481501753,16,False,2.5747830012083357
mp-818581,Fe3OF9,Cmcm,Orthorhombic,-2.2426870465384616,0.7948999999999999,3.1917293387651595,26,False,0.2018314353846158
mp-849268,Ni3OF5,P1,Triclinic,-1.9965267061111105,0.6954,4.662987628573219,18,False,0.07023348435185284
mp-849294,MnOF,P1,Triclinic,-2.306790101810345,0.02740000000000009,4.3980015372403605,24,False,0.08771579194442314
mp-849316,Co3OF5,P-1,Triclinic,-2.074575417777778,0.9136,4.507007671964293,18,False,0.055164875555554715
mp-849329,Co6OF11,C2,Monoclinic,-2.201778944444444,0.0016000000000000458,4.487563940432953,18,False,0.033692112222222015
mp-849331,Ti2N2O,P1,Triclinic,-1.9857088293333347,1.0337999999999994,4.329341612077708,40,False,0.2043754287499997
mp-849342,Mn2OF3,Amm2,Orthorhombic,-2.630211223310345,0.050899999999999945,4.024745822886615,30,False,0.05028365530553813
mp-849377,Ni6OF11,Cm,Monoclinic,-2.1563599,0.8937,4.650898767751429,18,False,0.03566241523147973
mp-849387,Cu6OF11,P1,Triclinic,-1.7014277555555566,0.0,5.0557771296693605,18,False,0.017698454322915502
mp-849399,Mn2OF3,P1,Triclinic,-2.6023665563103453,0.022399999999999975,4.016792567258937,30,False,0.07812832230553735
mp-849451,V3OF11,P1,Triclinic,-2.866436129333333,1.5725,3.014899829354847,30,False,0.040980453833340924
mp-849460,Mn2OF3,P2_1/c,Monoclinic,-2.6055461076436788,0.5269000000000001,4.071860364137713,24,False,0.07494877097220431
mp-849465,Mn6OF11,Amm2,Orthorhombic,-2.839544847643678,0.06289999999999996,3.8113634241797416,18,False,0.03160935421296873
mp-849558,Cr4OF11,P1,Triclinic,-2.8798606840625,0.8311999999999999,3.583926326271813,32,False,0.03610713027083623
mp-849606,Cr4OF11,P1,Triclinic,-2.879943498125,0.9244000000000001,3.5836574136338366,32,False,0.03602431620833624
mp-849631,Mn6OF11,P1,Triclinic,-2.8348014573659004,0.07840124177509589,3.890577433927825,36,False,0.036352744490746325
mp-849640,Mn6OF11,P1,Triclinic,-2.831021816810344,0.4650000000000001,3.8856667833145275,36,False,0.04013238504630223
mp-849665,Mn3OF8,P1,Triclinic,-2.5413205646910915,0.0,3.53842481217663,48,False,0.06770111629629572
mp-849672,Mn6OF11,Pc,Monoclinic,-2.8305336440325672,0.43999999999999995,3.8847826554817884,36,False,0.04062055782407903
mp-849689,FeO,P-62c,Hexagonal,-1.3777199291666673,1.1609999999999996,5.533046977636848,24,False,0.1037994583333326
mp-850199,MnOF,P2/c,Monoclinic,-2.175170908477012,0.0,4.355482331707581,24,False,0.21933498527775708
mp-850208,CoOF,C2,Monoclinic,-1.5642527341666668,0.0,5.050378510140834,24,False,0.14256450583333447
mp-850223,Fe3OF5,P2/m,Monoclinic,-2.38552572,1.2536999999999998,4.128536835801091,18,False,0.04966005172839516
mp-850285,Ni6OF11,P1,Triclinic,-2.156009845,0.8731000000000001,4.658229392105243,18,False,0.03601247023147902
mp-850409,Fe2OF3,Amm2,Orthorhombic,-2.2843919159999992,1.5199,4.180189810959895,30,False,0.073341029092588
mp-850485,Co2OF3,Cmcm,Orthorhombic,-1.5972622162499999,0.0,4.703656881827561,24,False,0.42674731375000086
mp-850739,Fe3OF5,P1,Triclinic,-2.3696411399999997,1.4469,4.107642408220135,18,False,0.06554463172839498
mp-850757,Fe3OF5,P-1,Triclinic,-2.360240520555555,1.5957,4.107186951542124,18,False,0.07494525117283946
mp-850788,VOF2,P-1,Triclinic,-2.8347448062499994,1.2292999999999998,3.302131930401441,24,False,0.024113399062501095
mp-850855,Mn2OF3,Cmcm,Orthorhombic,-2.6371571926436777,0.391,4.054955601129679,12,False,0.04333768597220544
mp-850875,Fe2OF3,C2/m,Monoclinic,-2.2665328908333335,1.3410000000000002,4.179698852847656,24,False,0.0912000542592537
mp-850876,VOF3,P1,Triclinic,-2.6820766515,2.9217,2.845313653490983,20,False,0.030141143999999898
mp-850899,Mn3OF8,Cc,Monoclinic,-2.543262786149425,0.45210000000000006,3.5656966042596525,24,False,0.06575889483796171
mp-850904,Mn2OF3,Amm2,Orthorhombic,-2.619114758310346,0.0,4.007067987269878,30,False,0.061380120305537744
mp-850935,CoOF,P2/m,Monoclinic,-1.4289389729166668,0.0,4.890757420091026,24,False,0.2778782670833344
mp-850936,Ni6OF11,C2,Monoclinic,-2.155788163888889,0.8854,4.660895272233894,18,False,0.03623415134259034
mp-850984,MnOF,Pmn2_1,Orthorhombic,-2.338573507088124,0.0,4.376407291767035,18,False,0.055932386666644796
mp-851257,V2OF5,P1,Triclinic,-3.0417637840625,1.5619,3.2774293539821318,32,False,0.004513968854167771
mp-851809,Sn2N2O,P1,Triclinic,2.5976478387500004,0.0,6.9875805119888765,40,False,3.24952879975
mp-854023,Ti2N2O,P1,Triclinic,1.610483199166665,0.0,4.33649222247305,40,False,3.8005674572499997
mp-854025,Ti2N2O,P1,Triclinic,1.1654568601666646,0.0,4.330407785210747,40,False,3.3555411182499997
mp-854026,Zr2N2O,P1,Triclinic,1.3313539567500001,0.0,5.582887228251233,40,False,3.650915492250002
mp-858629,Hf2N2O,P1,Triclinic,1.2500937992499999,0.0,10.39045366386385,40,False,3.7644990082499996
mp-859783,VOF,R-3m,Trigonal,-2.7746468383333336,2.6129000000000007,3.856107881221461,6,False,0.07748611583333265
mp-859876,Ge2N2O,Cmc2_1,Orthorhombic,-0.6271209239999997,2.3442,4.531550366140932,10,False,0.1926093995000011
mp-861568,MnOF,C2/m,Monoclinic,-2.359378577643678,2.0875,3.7751686693823903,12,False,0.03512731611109032
mp-861691,FeOF,P1,Triclinic,-2.0193284183333327,1.2988,4.295562999732573,18,False,0.10604604685185404
mp-861911,Sb2S2O,C2/m,Monoclinic,-0.9438673709999996,1.2119999999999997,4.710086778111144,10,False,0.0070693156666656876
mp-867680,NaTlO,Pm,Monoclinic,-1.1075561907375502,0.12119999999999997,5.632576802756117,12,False,0.06189067416666738
mp-867782,MnOF,P-1,Triclinic,-2.3380567809770114,2.4262,3.7613089844438137,6,False,0.05644911277775666
mp-881063,Co3OF5,P1,Triclinic,-2.040994127777778,0.0,4.4953586392555325,18,False,0.08874616555555459
mp-881173,Fe4OF7,P2_1,Monoclinic,-2.4127739179166654,1.5281,4.162928729986802,24,False,0.06113826712962833
mp-881183,FeOF,Pm,Monoclinic,-1.9697157841666666,0.49770000000000003,4.538564919697841,12,False,0.15565868101851965
mp-882928,FeOF,Pm,Monoclinic,-2.0316540305555555,0.0,4.339687663966165,54,False,0.09372043462963031
mp-883909,Mn5OF11,P1,Triclinic,0.018025540608519464,0.0,3.50026845564213,17,False,2.7884208375490207
mp-887354,Fe10OF19,Amm2,Orthorhombic,-2.5148496626666668,1.8969,4.078742993181348,30,False,0.028770066351851753
mp-887367,Fe10OF19,Amm2,Orthorhombic,-2.523488594,1.3841059647188416,4.078402436296292,30,False,0.020131135018519153
mp-936219,K2O,I4_1/amd,Tetragonal,-1.1944218464999998,0.3667,1.7791752852849274,6,False,0.03945618999999967
mp-973585,LuIO,P4/nmm,Tetragonal,-2.9670134322222204,3.2664000000000004,7.667465593589487,6,False,0.03190816291666909
mp-973981,LuBrO,P4/nmm,Tetragonal,-3.1790168455555565,4.3956,7.4089178938846105,6,False,0.09630270458333179
mp-974002,OF3,P1,Triclinic,-0.15675525875000007,0.0,2.361597746723766,8,False,0.21492409062499984
mp-974336,HoO,P6_3/mmc,Hexagonal,-3.116773602499997,0.0,9.12976595817326,4,False,0.2395259347916685
mp-974591,Rb4NO,P4/mmm,Tetragonal,-0.17328623666666707,0.0,3.5643544424463216,6,False,0.5089360519444437
mp-975666,PrBrO,P4/nmm,Tetragonal,-3.0773808888888916,4.462199999999999,6.143444715328133,6,False,0.019420932083328957
mp-979038,Th3O,I4/mmm,Tetragonal,-0.05142725374999735,0.0,11.479091140475632,4,False,1.5864940612500016
mp-982366,Tb2S2O,P2_1/c,Monoclinic,-2.966502701166666,2.5126000000000004,6.785060745333494,20,False,0.008336797749997515
mp-984358,Au3O,P6_3/mmc,Hexagonal,0.19653586375000032,0.0,14.25496305378667,8,False,0.3873081116666661
mp-985585,Li3ClO,Pm-3m,Cubic,-1.9413606250000002,4.6766000000000005,2.0103125767049566,5,False,0.15190893949999928
mp-985586,Na3BrO,Pm-3m,Cubic,-1.5090731208275874,1.8815,2.9390254538420795,5,False,0.08039890399999905
mp-989178,ScOF,P4/nmm,Tetragonal,-4.041726718333334,4.333399999999999,3.9014238755996202,6,False,0.08379620833333412
mp-989189,SbBrO,P4/nmm,Tetragonal,-1.2435616149999997,1.6021,5.603226372710756,6,False,0.17793226527777595
mp-989190,ScBrO,P4/nmm,Tetragonal,-2.9457904716666667,3.3453999999999997,4.130415431303485,6,False,0.1784989420833325
mp-989191,SbOF,P4/nmm,Tetragonal,-2.008557448333333,1.8587000000000007,5.974001158571945,6,False,0.19170317291666805
mp-989195,ScClO,P4/nmm,Tetragonal,-3.074055651666667,3.9186000000000005,3.1551645199131153,6,False,0.276836695416665
mp-989196,SbClO,P4/nmm,Tetragonal,-1.356263379999999,1.8554000000000004,5.055665766476191,6,False,0.20771221666666495
mp-990436,ScClO,P4/nmm,Tetragonal,-2.3776232516666664,2.6315,3.038425339813534,6,False,0.973269095416665
mp-990441,H2O,Ibam,Orthorhombic,-0.3321435154166667,0.0,1.2034996682394923,24,False,0.9478594779166665
mp-995183,CO,Pnma,Orthorhombic,-0.7771149775000001,0.0,2.169403470685206,8,False,0.5494275362499996
mp-995204,H4C6O,Pbcn,Orthorhombic,-0.15680545954545524,2.8404,1.3821477871984647,44,False,0.2495506190909076
mp-995206,H2CO,P2/c,Monoclinic,-0.5008169625000001,2.4383,1.137173340746879,16,False,0.4591852825
mp-995219,H4C2O,I4_1/a,Tetragonal,-0.44953409089285606,5.4072,1.0958562838335628,56,False,0.18902546124999997
mp-995220,H4C2O,P1,Triclinic,-0.398724047959184,4.8772,1.11057469995461,49,False,0.23983550418367283
mp-995226,H2CO,I4_1/a,Tetragonal,-0.6140187718750001,6.0267,1.3246551551126058,32,False,0.345983473125
mp-995234,HCO,P1,Triclinic,-0.8160706282738088,4.3171,1.45995630766129,42,False,0.2661117063095242
mp-997504,Cu3OF5,P-1,Triclinic,-1.6126405644444444,0.0,5.06332964557373,18,False,0.014737618645834338
mp-997630,ZnO,P6_3/mmc,Hexagonal,-1.6176554591666672,0.5251999999999999,6.597744983676687,24,False,0.17324365333333258
mp-998914,K2O,C2/m,Monoclinic,-1.1927279348333328,0.8601,2.149151487134136,6,False,0.04115010166666666
mp-998915,K2O,Pnnm,Orthorhombic,-1.2043236864999993,0.6558,2.0430601083050464,6,False,0.029554350000000174
mp-998929,K2O,P3,Trigonal,-1.1744835798333324,1.8533999999999997,2.6718105552650893,9,False,0.05939445666666687
mp-999142,SnO,P4/nmm,Tetragonal,-1.1842075549999995,0.0,6.851569697185785,4,False,0.4454948475
mp-999539,MnO,P6_3mc,Hexagonal,-1.9740157427155172,0.0,4.349905957845605,4,False,0.05855402375000196
mp-1008500,BaO,P6_3/mmc,Hexagonal,-2.804754410000002,2.362,6.059770609130131,4,False,0.01888829749999843
mp-1008807,RbCuO,F-43m,Cubic,-0.19053746749999986,0.0,4.78463256200835,3,False,0.9983613533333338
mp-1008813,RbAgO,F-43m,Cubic,-0.455913078055555,0.0,5.346488780606615,3,False,0.5437953425000006
mp-1008866,NaAgO,F-43m,Cubic,-0.7450613493486582,0.0,5.238583996892804,3,False,0.29183539916666623
mp-1008867,NaCuO,F-43m,Cubic,-0.6863907787931035,0.0,4.445388447171618,3,False,0.5396684799999996
mp-1009014,LiCuO,F-43m,Cubic,-1.0318195727777777,0.0,4.786652005393846,3,False,0.40112701750000035
mp-1009020,KCuO,F-43m,Cubic,-0.35897504408333286,0.0,3.890884242115429,3,False,0.8588312475
mp-1009048,KAgO,F-43m,Cubic,-0.5784837046388874,0.0,4.677461409693349,3,False,0.44876756750000135
mp-1009127,MgO,Pm-3m,Cubic,-2.2898712649999995,2.2579000000000002,3.550469508633836,2,False,0.7484379050000003
mp-1009129,MgO,P-6m2,Hexagonal,-2.7008123149999994,3.0483000000000002,3.341014173865643,2,False,0.3374968550000004
mp-1009819,SrO,Pm-3m,Cubic,-2.6602446575,2.7434000000000003,5.548740012965592,2,False,0.4153788699999996
mp-1017539,ZnO,P6_3mc,Hexagonal,-1.4906765199999996,0.4516000000000001,5.5081445778223985,4,False,0.30022259249999994
mp-1018030,Sr2SO,P4/mmm,Tetragonal,-2.5109184831250007,2.1886,3.966832199700988,4,False,0.22345567999999894
mp-1018828,NpSeO,P4/nmm,Tetragonal,-2.4101434670312507,0.0,10.447421991994762,6,False,0.0894827712500117
mp-1019262,Ta2N3O,P6/mmm,Hexagonal,-0.5434043974444455,0.0,9.742208931831358,6,False,1.138471495166666
mp-1019519,Ba2NaO,Cmme,Orthorhombic,-1.4488419515948276,0.0,2.8554185776988117,8,True,0.0
mp-1019564,Ca6Ge2O,Fm-3m,Cubic,-1.070494636111111,0.2814000000000001,2.993319561189938,9,False,0.08344484472222291
mp-1019800,K8N3O,Pm-3m,Cubic,0.20476401433333416,0.0,2.01271021463671,12,False,0.6503202719791665
mp-1020032,Li8N3O,Pm-3m,Cubic,-0.5557563297222217,0.0,1.6990919987573647,12,False,0.29496305104166787
mp-1020578,Sr4S3O,Pm-3m,Cubic,-2.4197708334374997,2.1115000000000004,3.7351342740234994,8,False,0.1439786475
mp-1020590,Na8N3O,Pm-3m,Cubic,0.020080402413793053,0.0,2.071540318349196,12,False,0.4989013135919542
mp-1020625,Rb8N3O,Pm-3m,Cubic,0.28627380083333404,0.0,3.427762625175479,12,False,0.7247868555208332
mp-1025351,Sr4Bi2O,I4/mmm,Tetragonal,-1.5626258307142855,0.8810000000000002,5.842098952421341,7,False,0.0021019642857140752
mp-1025455,LiNb2O,P6_3/mmc,Hexagonal,-0.7245103145833331,0.0,5.772964682150228,8,False,0.6863501408333343
mp-1025567,NbCl2O,C2,Monoclinic,-1.9284192950000012,0.9093,3.4617429330976606,8,False,0.2678219569181035
mp-1059242,ClO,Pm-3m,Cubic,1.2886171674999995,0.0,2.643855690379743,2,False,1.5532711159375001
mp-1063118,Si2O,Cm,Monoclinic,-0.8379519283333335,0.0,2.709180112854837,3,False,0.7984637436111113
mp-1064456,CuO,Cccm,Orthorhombic,-0.9417144174999992,0.0,5.975002410548531,4,False,0.0010805249999998878
mp-1064492,CaO,I4/mmm,Tetragonal,-3.096079155,2.0684,1.9665172380904052,4,False,0.20994023749999968
mp-1065190,AgO,C2/c,Monoclinic,-0.4370601233333318,0.0,7.138368104593575,4,False,0.005511642500000136
mp-1065577,MgO,P6_3/mmc,Hexagonal,-2.974865565,3.2582999999999998,3.0435418386745217,4,False,0.06344360499999979
mp-1065811,SnO,P4/mmm,Tetragonal,-1.1852626249999991,0.0,6.8373043866518675,2,False,0.4444397775000004
mp-1066311,AgO,C2/c,Monoclinic,-0.43385250083333204,0.0,6.803873482957373,4,False,0.008719264999999865
mp-1069296,Eu3InO,Pm-3m,Cubic,-1.4530464473333324,0.0,7.552961576157444,5,True,0.0
mp-1070737,K3CO,Pm-3m,Cubic,0.20247549765000059,0.2934,1.6856214709624249,5,False,1.050913940570834
mp-1071163,TiO,P-62m,Hexagonal,-2.9079562791666667,0.0,5.136733957196175,6,True,0.0
mp-1072114,HoOF,R-3m,Trigonal,-4.275003496666666,5.0862,8.633468847493237,6,True,0.0
mp-1072193,ErOF,R-3m,Trigonal,-4.287979814999998,5.1721,8.903669240278003,6,True,0.0
mp-1072208,DyOF,R-3m,Trigonal,-4.268745397222221,5.0137,8.392167506823283,6,True,0.0
mp-1072340,K4NO,P4/mmm,Tetragonal,-0.2624342515000002,0.0,2.102844656280073,6,False,0.4458959324305547
mp-1077089,CdClO,P6_3mc,Hexagonal,-0.6977110383333326,0.0,4.52274324745513,6,False,0.5155752400000009
mp-1077107,HgO,P3_221,Trigonal,-0.6331253987500034,1.2712,9.970012738629137,6,False,0.001932083750000757
mp-1077223,Li4NO,P4/mmm,Tetragonal,-1.0401648738888891,0.0,1.7706134258799657,6,False,0.21418068458333384
mp-1077403,SrCoO,P6_3/mmc,Hexagonal,0.10356421166666625,0.0,1.1912853855388121,6,False,2.153979896666665
mp-1077413,NaPO,Imma,Orthorhombic,-0.8186601820073888,0.0,2.6841836158146632,6,False,0.9428119077083332
mp-1077585,Na4NO,P4/mmm,Tetragonal,-0.44901548425287413,0.0,2.13889280672755,6,False,0.3454446851724131
mp-1077953,Eu4As2O,I4/mmm,Tetragonal,-1.7184711085714273,0.0,7.088426201132053,7,False,0.0007955600000038032
mp-1077975,Sm4Bi2O,I4/mmm,Tetragonal,-1.393839969285715,0.0,8.99720777262016,7,False,0.09858227434523847
mp-1078184,Eu4Bi2O,I4/mmm,Tetragonal,-1.553012295,0.0,8.289715180787494,7,True,0.0
mp-1078191,Ba2TeO,P4/nmm,Tetragonal,-2.3334198341666674,1.783,5.276313603988125,8,False,0.08018884874999976
mp-1078192,Eu4Sb2O,I4/mmm,Tetragonal,-1.671126927857145,0.0,7.119484818371498,7,True,0.0
mp-1078366,Bi2S2O,P4/nmm,Tetragonal,-1.000889814000002,0.9401000000000002,7.5300394124692955,10,True,0.0
mp-1078644,SnO,Cmc2_1,Orthorhombic,-1.5042527899999998,1.3265000000000002,5.85754084160056,8,False,0.12544961249999975
mp-1078789,CN2O,P-42_1m,Tetragonal,1.3102196124999983,0.0,1.1054361117022946,8,False,1.9734908693749986
mp-1079684,NO,C2/c,Monoclinic,0.45204176875,0.1722999999999999,1.4287072822084406,8,False,0.9663061974999998
mp-1079707,CaO,Cmce,Orthorhombic,-3.0962495374999994,2.0869,2.0012729076971816,8,False,0.20976985500000023
mp-1079720,AgO,P2_1/c,Monoclinic,-0.40022364833333235,0.11599999999999988,7.621574689339665,8,False,0.04234811749999956
mp-1079891,Ba2Br2O,Ibam,Orthorhombic,-2.5586581220000015,3.2683,4.621315143718568,10,False,0.11922912300000199
mp-1080432,K2Se2O,C2/c,Monoclinic,-0.9290885468374999,0.07030000000000003,3.3036825936674625,10,False,0.4375124386666642
mp-1093993,ZnO,P4_2/mnm,Tetragonal,-1.7579994199999986,0.7376,5.450391717084088,8,False,0.03289969250000091
mp-1094082,Ni4O,Pm-3m,Cubic,0.9027302010000007,0.0,7.225732755288723,5,False,1.3899643210000008
mp-1094095,NiBrO,Pmmm,Orthorhombic,-0.4966691966666665,0.0,5.279606197973869,3,False,0.3341413326041671
mp-1094112,NbOF3,R3c,Trigonal,-3.085184209,4.2176,4.249599740657126,10,False,0.20720326999999994
mp-1095223,OF2,Pnma,Orthorhombic,-0.4955724658333332,2.1241,2.1962881563276344,12,True,0.0
mp-1095473,PbClO,Pnma,Orthorhombic,-0.9712009691666653,0.0,6.903189364613576,12,False,0.4805565837500021
mp-1095632,CaMoO,P2_1/m,Monoclinic,-0.9195164441666664,0.0,4.722472230253817,12,False,1.2844964841666657
mp-1096984,H2CO,C222_1,Orthorhombic,-0.6220573725000005,5.9519488749293945,1.4402410554840606,16,False,0.3379448724999996
mp-1096995,HfSO,P4/nmm,Tetragonal,-2.9049330958333335,1.0651000000000002,9.243893407510415,6,False,0.06083436374999707
mp-1097889,NiBrO,P4/mmm,Tetragonal,-0.17033285333333362,0.0,5.135152554337469,3,False,0.6604776759375
mp-1101159,Zr2N2O,Cc,Monoclinic,-2.114784299,2.0306,5.671843148635984,10,False,0.2047772365000018
mp-1101183,V3OF7,Pnma,Orthorhombic,-3.015356632954546,0.0,3.250330740947602,44,False,0.10411959727272269
mp-1101185,V3OF11,P1,Triclinic,-2.874176327333333,1.9630999999999998,2.9214939512796767,30,False,0.03324025583334045
mp-1101212,V4OF11,C2,Monoclinic,-3.1305416959374996,0.28980000000000006,3.601772398405565,32,False,0.002462159895833871
mp-1101214,VOF2,Immm,Orthorhombic,-2.78129330125,1.3701,3.286204515597574,8,False,0.07756490406250016
mp-1101223,V2OF8,P2/c,Monoclinic,-2.7498288775,2.557400664958703,2.522402680592569,44,False,0.012398035681829178
mp-1101227,V2OF5,P1,Triclinic,-3.0039273949999994,1.7715,3.5991729218084747,24,False,0.04235035791666775
mp-1101248,V2OF6,P1,Triclinic,-2.8488399055555558,0.14153774388427487,2.7416162395686414,18,False,0.0933011047916592
mp-1101283,VOF,P-1,Triclinic,-2.7799540595833343,1.133,4.135196945997645,24,False,0.07217889458333282
mp-1101316,TaOF3,Immm,Orthorhombic,-3.4467071334666657,2.7903000000000002,6.064772438064105,5,False,0.06125863857143088
mp-1101381,SbOF3,Immm,Orthorhombic,-2.295008344,1.4495,4.547611085070633,5,False,0.04680568489999892
mp-1101402,Sn2N2O,I4_1/amd,Tetragonal,-0.46426259600000036,0.6767000000000003,6.544880069418165,40,False,0.18761836499999962
mp-1101405,Rb2O,Pnnm,Orthorhombic,-1.1169585916666662,0.31279999999999997,3.3208294230018085,6,False,0.016209781666666867
mp-1101425,Ni3OF5,C2/m,Monoclinic,-1.995731087222222,0.5804,4.647377335473107,18,False,0.07102910324074152
mp-1101450,NbOF3,Immm,Orthorhombic,-3.2039895019999998,2.0803000000000003,3.9308449306225572,5,False,0.08839797699999963
mp-1101455,NdIO,R-3m,Trigonal,-2.827604314166667,2.1896,5.928810823598667,6,False,0.08419994666666586
mp-1101930,MgO,Pm-3n,Cubic,-2.90265121,2.8821,2.237597567363396,12,False,0.13565795999999963
mp-1102017,CdBrO,P2_1/c,Monoclinic,-0.6934872233333328,0.0,5.421378287652552,12,False,0.36873023156250007
mp-1102199,PbIO,Pnma,Orthorhombic,-0.7761977724999992,0.0,6.88732610255265,12,False,0.3714550987962957
mp-1102225,PbBrO,Pnma,Orthorhombic,-0.8759252483333325,0.0,7.229387197722648,12,False,0.4205868254166667
mp-1102554,CuClO,P2_1/c,Monoclinic,-0.5526861333333333,0.42900000000000005,4.044782784954012,12,False,0.2839233433333339
mp-1102937,BrNO,P2_1/c,Monoclinic,-0.12111531666666704,1.3143,2.7404575448923363,12,False,0.2217276358333331
mp-1102974,HgOF,P2_12_12_1,Orthorhombic,-0.9088594025000019,0.0,8.69236010461799,12,False,0.16020045666666727
mp-1103118,RbCuO,I-4m2,Tetragonal,-1.1882715016666665,1.0794000000000001,3.9831872949729386,12,False,0.0006273191666670286
mp-1103169,NaAgO,I-4m2,Tetragonal,-1.0363150726819914,1.2578,4.485147511118231,12,False,0.0005816758333327954
mp-1103281,NClO,P2_1/c,Monoclinic,-0.17902896416666655,1.6998000000000002,1.7428776318679746,12,False,0.1638139883333345
mp-1103367,CNO,Pnma,Orthorhombic,0.1345237741666653,0.0,1.0558479746472296,12,False,1.01888545
mp-1103519,KCuO,I-4m2,Tetragonal,-1.2167627082499994,1.2173817975701409,3.2185198651793425,12,False,0.001043583333332876
mp-1103715,CdOF,P2_12_12_1,Orthorhombic,-1.442845405833333,0.0,5.738316146128105,12,False,0.2514033436111145
mp-1103867,K2Se4O,Cc,Monoclinic,-0.814259523410714,0.9023000000000001,3.0141088124339634,14,False,0.3161744755654756
mp-1105576,KSe2O,Pc,Monoclinic,-0.9123109692343752,0.13529999999999998,3.187924241820555,16,False,0.314885240875002
mp-1105581,SrI2O,Pnma,Orthorhombic,-1.1921975537499998,0.0,4.17156933150773,16,False,0.6122823155208321
mp-1105711,MgBr2O,Pnma,Orthorhombic,-1.094183583125,2.0846,3.408894605326281,16,False,0.4249710018750008
mp-1105787,Pb2OF2,P-4m2,Tetragonal,-2.0677839604999995,0.8897999999999997,7.6074593083078375,20,False,0.13874516250000024
mp-1106359,Li5Cl3O,I4/mcm,Tetragonal,-1.7641266529629622,3.467817229176017,1.7792087715418066,18,False,0.35025734527777797
mp-1119338,Na2O,P-62m,Hexagonal,-1.3523039781417623,1.6211999999999998,2.7258185923752474,9,False,0.0734347077777775
mp-1120722,CuO,Pm-3m,Cubic,-0.6074068758333334,0.0,6.4728228231486495,6,False,0.335388066666666
mp-1147690,NiOF,P4/mmm,Tetragonal,-1.2051610466666673,0.0,4.855754288426143,3,False,0.3605506447222213
mp-1147768,CuO,P4/mmm,Tetragonal,-0.6652429325,0.0,5.887308112726159,6,False,0.27755200999999996
mp-1173027,Al4CO,Cm,Monoclinic,-0.7048498133333331,0.0,2.8307240633607544,6,False,0.29450207166666864
mp-1173298,SiH2O,Cm,Monoclinic,-0.45037280187500084,3.0776000000000003,0.7345319946523657,4,False,0.8605116602083331
mp-1173362,PrSO,C2/m,Monoclinic,-2.851781238055556,1.9129999999999998,5.489078434044389,6,False,0.06632423583334557
mp-1173557,Nb10N11O,Pc,Monoclinic,-1.1167807834090928,0.0,7.211652926081473,44,False,0.21675392293886375
mp-1173794,Na6O,Cmm2,Orthorhombic,-0.4555992447536947,0.0,1.0302252892643398,21,False,0.15543162064039384
mp-1176425,MnOF,Cm,Monoclinic,-2.3223404251436777,0.12780000000000014,4.33100867389158,24,False,0.07216546861109041
mp-1176426,MnOF,P1,Triclinic,-2.1198384518103452,0.03370000000000006,4.361903251520068,24,False,0.2746674419444233
mp-1176448,Mn6OF11,Cmm2,Orthorhombic,-2.7681952937547893,0.046699999999999964,4.279986773352956,36,False,0.10295890810185693
mp-1176457,Mn3OF5,P1,Triclinic,-2.7284471126436785,0.0,3.9321308862736513,18,False,0.04737742759258623
mp-1176459,Mn3OF5,P1,Triclinic,-2.7239390920881226,0.0,3.943003633543336,18,False,0.05188544814814211
mp-1176462,Mn3OF5,P1,Triclinic,-2.722943113199234,0.0,3.914358405414721,18,False,0.052881427037030804
mp-1178160,HoBrO,P4/nmm,Tetragonal,-3.173563836666665,4.5018,6.822732520200617,6,False,0.058074536527778164
mp-1178181,Ge2N2O,C2/m,Monoclinic,-0.5487134829999996,0.5717000000000008,5.9312187295784256,10,False,0.2710168405000015
mp-1178187,Hf2N2O,Cc,Monoclinic,-2.3160933110000004,2.4934000000000003,10.500655524899281,10,False,0.19831189800000004
mp-1178193,Ge2N2O,Pc,Monoclinic,-0.5716801589999996,0.0,5.261129409284381,20,False,0.24805016450000128
mp-1178197,Ge2N2O,Imm2,Orthorhombic,-0.6452174289999995,2.4911000000000003,4.485215206971337,5,False,0.17451289450000118
mp-1178210,FeOF,Pnma,Orthorhombic,-2.1094711450000005,1.2815,4.274561488108222,12,False,0.0159033201851857
mp-1178215,FeOF,P4_2/m,Tetragonal,-2.1130756358333342,0.0,4.553375093612562,12,False,0.012298829351852447
mp-1178228,FeOF,Pm,Monoclinic,-2.0452460000000006,1.4842,4.336217435280216,36,False,0.08012846518518657
mp-1178229,FeOF,Cm,Monoclinic,-1.989155606666667,1.0415,4.216666017739857,9,False,0.13621885851851978
mp-1178232,FeO,C2/m,Monoclinic,-1.4694833324999985,0.0,5.602115237077022,8,False,0.012036055000001156
mp-1178238,FeOF,Pm,Monoclinic,-2.0286282622222225,0.0,4.349317331019895,54,False,0.09674620296296332
mp-1178239,FeO,Cc,Monoclinic,-1.1814521512499994,0.0,4.474909423380499,8,False,0.3000672362500003
mp-1178244,FeOF,Pm,Monoclinic,-2.032213659444445,0.0,4.339701013986726,54,False,0.09316080574074181
mp-1178245,FeOF,Pm,Monoclinic,-2.0293268957407413,0.0,4.333432111384517,54,False,0.09604756944444492
mp-1178247,FeO,P31c,Trigonal,-1.3702516412500003,2.0878,5.563370818476846,24,False,0.11126774625000024
mp-1178250,Fe5OF11,P1,Triclinic,-2.4332046235294107,1.7294,3.482215952445254,17,False,0.10223648169934929
mp-1178251,Fe5OF11,P1,Triclinic,-2.4436358288235285,1.2588,3.7202609809413,17,False,0.09180527640523195
mp-1178280,Fe4OF7,Cm,Monoclinic,-2.41027858625,1.9109,4.113755742541635,24,False,0.06363359879629371
mp-1178290,Fe4OF7,P1,Triclinic,-2.4168942674999996,2.0168,4.111327707412155,24,False,0.05701791754629415
mp-1178302,Fe3OF5,Cm,Monoclinic,-2.3521611988888886,1.3139,4.121574629572053,18,False,0.08302457283950648
mp-1178303,Fe3OF5,C2/m,Monoclinic,-2.347619062222222,0.2558,4.1427787502771,18,False,0.08756670950617274
mp-1178312,Fe2OF3,P1,Triclinic,-2.2618264829999997,1.1302999999999999,4.24019752041666,30,False,0.09590646209258757
mp-1178324,Fe3OF7,Cc,Monoclinic,-2.377529432727273,2.5709,3.3809993768589273,22,False,0.1281024071717125
mp-1178337,Fe3OF5,Pm,Monoclinic,-2.3841598183333335,0.005600000000000271,4.159819835705802,18,False,0.05102595339506166
mp-1178350,ErClO,P4/nmm,Tetragonal,-3.3052424699999996,5.1904,7.2204808375364635,6,False,0.13494145666666757
mp-1178361,DyClO,Pmmn,Orthorhombic,-3.297518810555554,5.1946,4.718333922360224,6,False,0.1318821666666663
mp-1178362,DyClO,R-3m,Trigonal,-3.346468853888888,4.349,6.043325174688467,6,False,0.08293212333333333
mp-1178375,Cu6OF11,P1,Triclinic,-1.701665381111111,0.1439999999999999,5.06598213945813,18,False,0.017460828767360326
mp-1178377,Fe10OF19,P1,Triclinic,-2.513783821,1.9662003667573464,4.0944778847895815,30,False,0.02983590801851843
mp-1178393,CsLiO,Pnma,Orthorhombic,-1.562407250996169,0.0,4.221117618216542,12,False,0.05851497833333408
mp-1178395,CsLiO,I4/mmm,Tetragonal,-1.530958214329502,1.6344000000000003,3.408937074317914,12,False,0.08996401500000051
mp-1178399,Cs6Br4O,R-3c,Trigonal,-1.6293252134482772,2.2591,3.9315229070879933,22,False,0.1847154277272698
mp-1178414,CrO,Pm,Monoclinic,-1.8131809916666661,0.4958,4.598357178045395,12,False,0.1589754825000007
mp-1178416,CrO,C2/c,Monoclinic,-1.8794044475000007,0.0,4.4993733109335405,4,False,0.09275202666666615
mp-1178447,Fe2OF3,P-1,Triclinic,-2.2390389625000005,0.179203458576372,4.1967515605572805,24,False,0.11869398259258634
mp-1178454,CeOF,P4/nmm,Tetragonal,-3.987810776666666,0.0,6.225936203126415,6,False,0.09651466500000261
mp-1178455,Co2OF3,P1,Triclinic,-1.9333493620000004,0.42579999999999996,4.545495060249639,30,False,0.09066016800000032
mp-1178466,Fe2OF2,C2/c,Monoclinic,-2.0829940109999994,2.1602,4.505456808758776,30,False,0.06366859899999966
mp-1178468,Fe2OF3,Pm,Monoclinic,-2.289832284999999,0.7917000000000001,4.194830280445475,30,False,0.06790066009258844
mp-1178469,Cu3OF5,P-1,Triclinic,-1.5905224999999996,0.0,4.853478516210783,18,False,0.036855683090279534
mp-1178481,Co2OF3,Amm2,Orthorhombic,-1.9188439653333338,0.10950000000000004,4.52884341492094,30,False,0.1051655646666676
mp-1178491,BiOF,Fddd,Orthorhombic,-2.1255301191666685,2.3766000000000003,7.968904179141099,12,False,0.10465694500002165
mp-1178514,BaO,P6_3mc,Hexagonal,-2.8061054499999996,2.1422000000000003,4.680060318589154,4,False,0.01753725750000079
mp-1178530,BeClO,R-3m,Trigonal,-1.7721640783333334,0.0,2.3059187858710604,6,False,0.2964064566666673
mp-1178531,BaO,Pbcm,Orthorhombic,-2.80370102671875,2.2831,5.7660302160761505,64,False,0.01994168078125025
mp-1179151,TbOF,C2/m,Monoclinic,-4.0701290072222225,3.3232,5.987772193170855,6,False,0.19229433166666787
mp-1179154,TlO,Aem2,Orthorhombic,-0.9085848441666702,0.0,10.462212475033844,16,False,0.09392196583333146
mp-1179200,SrI2O,Pnma,Orthorhombic,-1.58460803,1.9019,4.446630102871505,16,False,0.21987183927083187
mp-1179410,Tc4Br7O,P2_1/c,Monoclinic,-0.24806531375000004,0.13140000000000007,3.350531627014473,48,False,0.6008186121875001
mp-1179638,Sb2C4O,P2_12_12_1,Orthorhombic,0.6910292367857147,2.2912,2.5621127338493355,28,False,1.1081095944047616
mp-1179949,NaHO,P4/nmm,Tetragonal,-1.5155681750431036,4.0786999999999995,2.123871390344978,12,False,0.029033442499999396
mp-1180047,NiO,P6/mmm,Hexagonal,0.09570726250000039,0.0,4.863502955343007,2,False,1.3137925625000006
mp-1180136,NaPO,Imma,Orthorhombic,-0.549505360340722,0.0,2.6455792392414113,6,False,1.2119667293749998
mp-1180215,N2O,P3_121,Trigonal,0.7861453638888887,0.9687000000000006,1.079515178611444,9,False,1.128988316388888
mp-1180220,NO,P2_12_12_1,Orthorhombic,0.030297754999999427,0.0,1.6088490613098327,8,False,0.5445621837499992
mp-1180282,NO,P2_12_12_1,Orthorhombic,0.038732275000000094,0.0,1.5491220881201357,8,False,0.5529967037499999
mp-1180312,MgO,Ibam,Orthorhombic,-2.9322088662500008,3.7478999999999996,2.9218710527466407,16,False,0.10610030374999901
mp-1180334,NO,P2_12_12_1,Orthorhombic,0.10740907874999994,0.0,2.6576505815944325,8,False,0.6216735074999997
mp-1180473,N2O,Pnma,Orthorhombic,-0.08601432833333433,4.7431,1.8681096186486759,12,False,0.2568286241666655
mp-1180973,MgO,R-3m,Trigonal,-2.9785806399999997,3.8943000000000003,3.4494504857284185,16,False,0.05972853000000011
mp-1181087,H2O,P-1,Triclinic,-0.9698256597222223,4.3309,1.0652188386176118,36,False,0.31017733361111066
mp-1181119,Hg2ClO,C2/c,Monoclinic,-0.5621213368750035,2.0221999999999998,6.958708235527959,16,False,0.17906047499999955
mp-1181155,HNO,C2/c,Monoclinic,-0.33862873291666773,3.0612,1.6097022404303163,12,False,0.4795059284999992
mp-1181437,FeO,I4/mmm,Tetragonal,-0.42865644749999987,1.8860999999999999,1.2144196928943665,2,False,1.0528629399999998
mp-1181559,H5NO,Pbca,Orthorhombic,-0.7397800103571426,4.7014,1.0754778768441484,112,False,0.049024384464285475
mp-1181633,CuClO,Pna2_1,Orthorhombic,-0.6123516370833334,0.046708729546667827,3.2455313983810736,48,False,0.22425783958333323
mp-1181903,CaO,Fd-3m,Cubic,-0.5778873412500003,0.0,2.965403206425939,8,False,2.7281320512499994
mp-1181939,CoBrO,P1,Triclinic,-0.658643731666667,0.0,4.3667322381954685,24,False,0.2609950191666659
mp-1181976,CoBrO,Pbca,Orthorhombic,-0.6386972866666673,0.5972,4.336342798447373,24,False,0.28094146416666543
mp-1181998,BrO,R3m,Trigonal,0.5765161149999996,0.0,4.0761111744419285,2,False,0.7420953954166669
mp-1182019,H2O,P-1,Triclinic,-1.195102487222222,4.549499999999999,0.6956474687470637,36,False,0.08490050611111144
mp-1182145,CN2O,P2_1/c,Monoclinic,0.0969421749999988,0.31870000000000065,0.8875727042504806,16,False,0.7602134318749991
mp-1182185,BaS4O,P2_12_12,Orthorhombic,-0.9689080458333326,0.0,2.81105933871386,24,False,0.42501637687499993
mp-1182281,BaN6O,Cc,Monoclinic,0.03733812499999889,0.022899999999999997,3.001097570361421,16,False,0.7432488018749996
mp-1182541,B24N4O,Pna2_1,Orthorhombic,-0.06644147767241392,0.5870999999999995,2.488890727864526,116,False,0.5324016241091956
mp-1183172,AcO,P6_3/mmc,Hexagonal,-2.92545982375,0.0,8.627683240571786,4,False,0.18926375124999772
mp-1183521,Ca3SiO,Pnma,Orthorhombic,-1.612632342,0.3016999999999994,2.6141775552856537,20,False,0.00025532200000100147
mp-1183990,GaO,P6_3mc,Hexagonal,-1.3847719462499999,0.0,5.013758821702172,4,False,0.5060586112500003
mp-1184211,ErO,P6_3/mmc,Hexagonal,-3.127546397499999,0.0,9.397852439247416,4,False,0.25336535000000016
mp-1184320,Fe3O,P6_3/mmc,Hexagonal,0.7701936050000011,0.0,5.881062534569037,8,False,1.5109532987500005
mp-1184665,Ge3O,I4/mmm,Tetragonal,0.08172090999999959,0.0,5.866150753401327,4,False,0.89046678375
mp-1184809,InO,P6_3mc,Hexagonal,-1.3510757183333322,0.0,6.05430835767167,4,False,0.31064710472222323
mp-1185669,Mg16Al12O,R3m,Trigonal,-0.11434818017241355,0.0,2.0603501515952707,29,False,0.10416750517241358
mp-1185684,Mg16Al12O,I-43m,Cubic,-0.11753394982758597,0.0,2.033044973860615,29,False,0.10098173551724132
mp-1186352,Os3O,Fm-3m,Cubic,0.6567916062499997,0.0,18.387811898791952,4,False,1.1605669325
mp-1186373,Os3O,P6_3/mmc,Hexagonal,0.6632806462499996,0.0,17.894851757887224,8,False,1.1670559725
mp-1186398,Pa3O,P6_3/mmc,Hexagonal,-0.17372380874999926,0.0,14.961559528661189,8,False,1.3347593400000015
mp-1186421,Pb3O,Pm-3m,Cubic,0.0002446212500020195,0.0,10.38407215273542,4,False,0.7352307897656267
mp-1186448,Pb3O,Fm-3m,Cubic,0.0020601162500017978,0.0,10.634988182557285,4,False,0.7370462847656265
mp-1187855,YO,P6_3/mmc,Hexagonal,-3.0737934675,0.0,5.158743003283924,4,False,0.2210998014583332
mp-1188254,Cs2S5O,P-1,Triclinic,-0.7752632558512924,1.1871999999999998,2.7037046031018956,16,False,0.4116519553124949
mp-1188828,BaBr2O,Pnma,Orthorhombic,-1.705220711875,2.0687,4.427526286739796,16,False,0.34566480145833633
mp-1188914,Pb2Cl3O,P-6,Hexagonal,-1.0090849691666663,0.0,5.899933211675499,18,False,0.5187278443750007
mp-1189014,SrBr2O,Pnma,Orthorhombic,-1.3804194349999999,0.3951,3.7236645973969953,16,False,0.6163405486458342
mp-1189731,PBr3O,Pna2_1,Orthorhombic,-0.9341940869285711,3.0888999999999998,2.6693273149997316,20,False,0.3141382203999963
mp-1190533,MgO,P6/mcc,Hexagonal,-2.925217040416666,3.0171,2.36874904130844,24,False,0.11309212958333337
mp-1190649,MgO,Cm,Monoclinic,-2.8847003745833337,2.7412,2.3954536282194114,24,False,0.15360879541666606
mp-1190994,NdHO,P4/nmm,Tetragonal,-2.369225652916667,2.0008000000000004,6.181587040887498,24,False,0.03127380009259184
mp-1191507,Eu4I6O,P6_3mc,Hexagonal,-1.9049822736363675,1.2001999999999997,6.053299646872799,22,False,0.19687805886363297
mp-1191510,MgSb2O,P-31m,Trigonal,-0.6962151637499995,0.0,5.264373494264574,24,False,0.8229394212500001
mp-1191789,MgO,C2/c,Monoclinic,-2.872653976666667,3.3040000000000003,2.1417869123452475,24,False,0.16565519333333256
mp-1192043,MgO,Ibam,Orthorhombic,-2.9462975379166667,3.8379000000000003,2.9667371721917433,24,False,0.09201163208333352
mp-1192166,Cs4Tl2O,R-3m,Trigonal,-0.5519400686124821,0.0,5.115384325024653,21,False,0.02323224035714233
mp-1192189,MgO,P6_3/mmc,Hexagonal,-2.995071584583334,5.1964,3.596933130494756,24,False,0.04323758541666578
mp-1192192,C3S7O,P-1,Triclinic,-0.3534245129545455,1.9958,1.8223693366675089,22,False,0.16434117863636466
mp-1192234,ZnClO,Pbca,Orthorhombic,-0.8974581145833334,0.0,3.6480836247381254,24,False,0.5166447966071437
mp-1193068,Sb2C4O,P2_12_12_1,Orthorhombic,0.6141979407142861,0.0,3.498780160406426,28,False,1.0312782983333326
mp-1196724,MoCl5O,P2_1/c,Monoclinic,-0.5862383642857145,0.46709999999999996,2.2123449883584434,56,False,0.6675854883571395
mp-1197543,CN6O,Pnma,Orthorhombic,0.23582732843749898,3.6774999999999998,1.3822932015835325,32,False,0.5674629568750005
mp-1198305,Ce10Se14O,I4_1/acd,Tetragonal,-1.9537474590124986,0.00790000000000024,6.534965736856728,100,False,0.2635525742444491
mp-1199332,Np3OF12,Cm,Monoclinic,-3.6433172788281256,0.0,6.63889814515103,32,False,0.05447790156249699
mp-1199763,B24N4O,Pna2_1,Orthorhombic,-0.025019985517241924,0.006800000000000139,2.4962368740476104,116,False,0.573823116264367
mp-1200706,SbOF6,Ia-3,Cubic,-1.7910931346874999,0.6629,3.69471360647997,32,False,0.23137303984375013
mp-1202206,CrCl3O,P2_1/c,Monoclinic,-0.8352044442499995,1.4763,2.231052992622046,40,False,0.513702104531248
mp-1202414,Nd10Se14O,I4_1/acd,Tetragonal,-2.0153632871125002,1.4465999999999997,6.58432349435921,100,False,0.2608592635750009
mp-1203167,C3S4O,P2_1/c,Monoclinic,-0.31044569218749896,2.4479,1.857069670078219,64,False,0.23849976339285828
mp-1205296,TiBrO,Pmma,Orthorhombic,-1.8450876511111118,0.0,4.817643676193212,6,False,0.7123281766666603
mp-1205330,Ca3SiO,Imma,Orthorhombic,-1.612887664000001,0.05659999999999954,2.6150346509428046,10,True,0.0
mp-1205638,Cs3BrO,P6_3/mmc,Hexagonal,-1.4407638007931047,1.5608500221724246,4.327627700421773,10,False,0.08806949700000155
mp-1205877,CsTlO,C2/m,Monoclinic,-1.1569399976628378,1.3832,6.823368317241363,6,True,0.0
mp-1206021,ZrNi4O,F-43m,Cubic,1.0876719125,0.0,7.724360449386094,6,False,2.2013161254166667
mp-1206128,Th2N2O,P-3m1,Trigonal,-2.4163627570000017,1.9719000000000007,10.486653341596975,5,False,0.16391345099999555
mp-1206162,Y2Cl2O,P4/mmm,Tetragonal,-1.4746375110000003,0.0,1.9744237213977385,5,False,1.3105168592499998
mp-1206210,U2Te2O,P4/mmm,Tetragonal,-0.4837268296666636,0.0,8.973743129055341,5,False,1.2431000987634402
mp-1206230,RbTlO,C2/m,Monoclinic,-1.1677348086111141,1.2016999999999998,6.5844173728281055,6,True,0.0
mp-1206355,CeCO,C2/m,Monoclinic,-2.1027923266666675,0.0,6.202310016813435,6,False,0.060877223749995935
mp-1206367,Ce3AlO,Pm-3m,Cubic,-1.4052915769999985,0.0,6.840366424646064,5,False,0.026469115500000306
mp-1206444,Cs3IO,P6_3/mmc,Hexagonal,-1.3754177527931035,2.0802000000000005,4.375676374621569,10,False,0.024388597000001955
mp-1206474,Pr2I2O,P4/mmm,Tetragonal,-0.995987575666667,0.0,3.2409456110928527,5,False,1.2107251835833344
mp-1206499,Dy2Cl2O,P4/mmm,Tetragonal,-1.4757681256666657,0.0,3.1108700269068477,5,False,1.3044977871111119
mp-1206502,U2Se2O,P4/mmm,Tetragonal,-0.4954392619374971,0.0,9.48244335105825,5,False,1.6066133798387074
mp-1206531,SrClO,P6_3mc,Hexagonal,-2.0950091449999992,0.7333,3.027477783105359,6,False,0.45404237666666614
mp-1206613,Bi2Br2O,P4/mmm,Tetragonal,-0.3314670870000015,0.0,6.361856479522575,5,False,0.8411157860000009
mp-1206616,Ho2Br2O,P4/mmm,Tetragonal,-1.326052276999998,0.0,3.811154762003881,5,False,1.209393955916667
mp-1206688,Sn2O,P4/mmm,Tetragonal,-0.6835285083333323,0.0,4.833649268782244,3,False,0.40293976000000065
mp-1206705,Sm2I2O,P4/mmm,Tetragonal,-1.0122505290000006,0.0,4.2744786647646755,5,False,1.1952703639999998
mp-1206710,LaO,Fm-3m,Cubic,-3.2043296450000014,0.0,7.5674278462756925,2,False,0.02561112124999987
mp-1206733,Y2OF,P4/mmm,Tetragonal,-2.2922776825,0.0,2.9835558629603467,4,False,0.8681107487500022
mp-1206753,AlFe3O,Pm-3m,Cubic,0.542747053,0.0,5.021773658614132,5,False,1.7379689023333311
mp-1206758,Ce2Cl2O,P4/mmm,Tetragonal,-1.3750995609999996,0.0,1.4176093161795487,5,False,1.3608974893333343
mp-1206793,U2I2O,P4/mmm,Tetragonal,-0.5524216609999961,0.0,6.120892559904638,5,False,1.1845511790967747
mp-1206821,Cr2O,Fm-3m,Cubic,0.007078628333333133,0.0,4.242976725691541,3,False,1.3218496111111104
mp-1206832,Bi2Cl2O,P4/mmm,Tetragonal,-0.37483104100000164,0.0,5.562284884421774,5,False,0.914764059333335
mp-1206845,Pt2O,Pn-3m,Cubic,-0.046701991666665776,0.0,14.358205389818155,6,False,0.43558793749999936
mp-1206859,ErBrO,P4/nmm,Tetragonal,-3.176909301666663,4.382000000000001,7.14801707701875,6,True,0.0
mp-1206913,Yb2Br2O,P4/mmm,Tetragonal,-1.34235543275,1.2022196896443185,4.108437904388236,5,False,1.2031799173333333
mp-1206949,Dy2Br2O,P4/mmm,Tetragonal,-1.316752379666665,0.0,3.758811179531975,5,False,1.2183980971111117
mp-1206987,ThO,Fm-3m,Cubic,-2.9928629224999987,0.0,12.432087842293706,2,False,0.2829797074999991
mp-1206996,La3AlO,Pm-3m,Cubic,-1.473911112000002,0.0,5.994536319529434,5,True,0.0
mp-1207019,BrO,R-3m,Trigonal,0.7429938999999997,0.0,5.335757128048761,2,False,0.908573180416667
mp-1207058,Er2I2O,P4/mmm,Tetragonal,-1.1086895449999994,0.0,4.07151902815892,5,False,1.111632548666666
mp-1207075,TlO,Pm-3m,Cubic,-0.43211375916667016,0.0,11.36637920005046,2,False,0.5703930508333315
mp-1207151,Bi2I2O,P4/mmm,Tetragonal,-0.3121923490000015,0.0,6.121287770940815,5,False,0.6437897453333341
mp-1207167,Bi2OF2,P4/mmm,Tetragonal,-1.1562600310000015,0.0,5.746582286612201,5,False,0.9259477780833372
mp-1207189,Y2Br2O,P4/mmm,Tetragonal,-1.3148315350000004,0.0,2.5822397004571895,5,False,1.2326579385833325
mp-1207247,Er2Cl2O,P4/mmm,Tetragonal,-1.5028109049999998,0.0,3.342878626010801,5,False,1.2730451079999998
mp-1207259,Tb2Br2O,P4/mmm,Tetragonal,-1.3080403296666667,0.0,3.5865638100757633,5,False,1.2210444370277793
mp-1207262,Nd2Cl2O,P4/mmm,Tetragonal,-1.3697321560000006,0.0,2.60632673397152,5,False,1.356353410833333
mp-1207282,Sm2Br2O,P4/mmm,Tetragonal,-1.2570699870000006,0.0,3.2237676148258863,5,False,1.2547774794166662
mp-1207286,Tb2Cl2O,P4/mmm,Tetragonal,-1.4645890516666669,0.0,3.0241505896678937,5,False,1.3317651032499995
mp-1207288,Pr2Br2O,P4/mmm,Tetragonal,-1.204854393666667,0.0,2.98450876507805,5,False,1.2850537265388873
mp-1207291,Ac2Cl2O,P4/mmm,Tetragonal,-1.622562898000001,0.0,3.1663149879268335,5,False,1.1916725749999983
mp-1207293,U2Cl2O,P4/mmm,Tetragonal,-1.0721294869999958,0.0,6.642773338942635,5,False,1.2122155744301084
mp-1207297,Ac2Br2O,P4/mmm,Tetragonal,-1.4600729740000005,0.0,3.512584307160759,5,False,1.1360437146666689
mp-1207307,U2Br2O,P4/mmm,Tetragonal,-0.8530244409999973,0.0,6.725333206335685,5,False,1.177712709763444
mp-1207322,Cu6O,Cmmm,Orthorhombic,1.1862097992857141,0.0,0.8976659769947488,7,False,1.4624264157142854
mp-1207378,La2Br2O,P4/mmm,Tetragonal,-1.500502517000001,0.0,2.559729188833303,5,False,1.0968264978999995
mp-1207400,Zr5Sb3O,P6_3/mcm,Hexagonal,-1.1618383738888884,0.0,7.7573321868322695,18,False,0.1081180681944458
mp-1207412,Zr2S2O,P4/mmm,Tetragonal,-0.7730528419999991,0.0,3.6642616020633367,5,False,1.6735788948750088
mp-1207669,TmOF,P2_1/c,Monoclinic,-4.330446507500001,4.854315216868189,8.495619210610561,12,True,0.0
mp-1207862,U6Si11O,P-62m,Hexagonal,-0.38631124583333254,0.0,9.166961021137844,18,False,0.2081157470206092
mp-1207943,Tm2I2O,P4/mmm,Tetragonal,-1.1125693150000031,0.0,3.7641535380877675,5,False,1.114752759499999
mp-1208260,Th2Se2O,P4/mmm,Tetragonal,-0.8569637359374986,0.0,5.986531847511363,5,False,1.803489441
mp-1208339,Th5OF19,Cmcm,Orthorhombic,-4.283494105599999,0.8186,7.073010160398826,50,False,0.11952178589999551
mp-1208583,TaCl3O,P4_2/mnm,Tetragonal,-1.9138451564666674,3.4596999999999998,4.196654994504187,20,False,0.35843435600000273
mp-1208867,Si2O,Fd-3m,Cubic,0.6878445066666666,0.0,1.1701844817851879,6,False,2.3242601786111114
mp-1208887,Sm2Cl2O,P4/mmm,Tetragonal,-1.4064855410000014,0.0,2.720719857982357,5,False,1.2996423834166668
mp-1209469,Rb4Fe2O,Fd-3m,Cubic,0.5061568549999999,0.0,2.037310055214735,14,False,1.0352605830952375
mp-1209588,Pu2Br2O,P4/mmm,Tetragonal,-0.9735334544999958,0.0,6.00420430937615,5,False,1.1158526415000036
mp-1209624,Pu2I2O,P4/mmm,Tetragonal,-0.7133173304999942,0.0,5.732032381489584,5,False,1.0689876195000014
mp-1209657,Pu2Cl2O,P4/mmm,Tetragonal,-1.1568170544999945,0.0,5.820321924263402,5,False,1.1568448041666706
mp-1209707,Pu2OF,P4/mmm,Tetragonal,-1.8419445193749961,0.0,8.229930998070621,4,False,0.852891956562507
mp-1209808,Np2I2O,P4/mmm,Tetragonal,-0.581617500499999,0.0,5.819113667308219,5,False,1.1459292392083364
mp-1209838,Nd2Br2O,P4/mmm,Tetragonal,-1.2252609319999999,0.0,3.1028068007473197,5,False,1.2675484601666662
mp-1209906,NdSO,Pbcm,Orthorhombic,-2.943758944166666,1.634529274390462,5.6894953828396835,24,True,0.0
mp-1210005,Np2Se2O,P4/mmm,Tetragonal,-0.46353886543750067,0.0,8.26646189371122,5,False,1.6060544938750017
mp-1210775,LuOF,P2_1/c,Monoclinic,-4.342683393055558,5.033518652277741,9.042285817494655,12,True,0.0
mp-1210807,Lu2Br2O,P4/mmm,Tetragonal,-1.3698475796666671,0.0,3.805358630544132,5,False,1.185941356861111
mp-1210842,Lu2I2O,P4/mmm,Tetragonal,-1.1251192956666671,0.0,3.8433929092716026,5,False,1.09899209486111
mp-1210851,Li2IO,Pnma,Orthorhombic,-1.339773936041667,0.39149999999999996,3.084570302737223,16,False,0.3814535906250014
mp-1211271,La2I2O,P4/mmm,Tetragonal,-1.2744071530000007,0.0,2.929271846487318,5,False,1.0578869870000016
mp-1211680,K4Al2O,Fd-3m,Cubic,0.02939195585714316,0.0,1.4016550372022532,14,False,0.8606496100803573
mp-1211687,La5Ge3O,P6_3/mcm,Hexagonal,-1.3334342105555583,0.0,6.547862637678713,18,True,0.0
mp-1212355,Ho2Cl2O,P4/mmm,Tetragonal,-1.4861352109999983,0.0,3.316231819474554,5,False,1.279739367916667
mp-1212654,La15Ge9O,P6_3mc,Hexagonal,-0.9317179606000019,0.0,6.331913585675584,50,True,0.0
mp-1212662,GaClO,Pca2_1,Orthorhombic,-1.7749474266666674,2.681178674520069,3.298499026668434,12,False,0.18244031194444332
mp-1212779,Er2Br2O,P4/mmm,Tetragonal,-1.3401860529999994,0.0,3.927144892970784,5,False,0.5659595279999987
mp-1212780,EuBr2O,Pnma,Orthorhombic,-1.5660640487500022,0.0,5.322367005705201,16,False,0.5219377129166647
mp-1212791,P2N6O,P2_1/c,Monoclinic,0.3203545981349202,0.5706000000000002,1.1736889186072115,72,False,0.9485226173888863
mp-1212915,Er3OF10,Fm-3m,Cubic,-3.6876884185714283,0.0,6.179789672271942,28,False,0.19626152312500178
mp-1213626,Cu64O,Amm2,Orthorhombic,0.0023603728461536705,0.0,8.839841704485057,65,False,0.03210677769230674
mp-1213922,ClO,I4_1/amd,Tetragonal,-0.048372986875000024,1.6924000000000001,0.3707040661250828,16,False,0.21628096156250054
mp-1214145,C3OF2,P2_1/c,Monoclinic,-0.9766892166666649,1.7061010495637208,1.785947047997543,24,False,0.37379677666666833
mp-1214194,C3Cl2O,P2_1/c,Monoclinic,-0.2951171216666661,1.4592,1.7746435022307132,24,False,0.4144895705208338
mp-1214250,C2N2O,P6_3/m,Hexagonal,-0.058560745333333365,2.2087,1.4254786192427444,30,False,0.47205626016666535
mp-1214273,C3Br2O,P2_1/c,Monoclinic,-0.13282227666666557,1.5739,2.2354038222199883,24,False,0.3993455266145842
mp-1214435,BaClO,Pnma,Orthorhombic,-2.1372552100000006,0.4134088477876946,4.107328319287993,12,False,0.4319604116666671
mp-1214619,C20Cl18O,P-1,Triclinic,-0.023194671794873153,1.3525,1.7511179102720449,78,False,0.41511510149038333
mp-1214833,AlBrO,Pca2_1,Orthorhombic,-2.4051344891666666,3.756,3.2992917430891278,12,False,0.1731939761111123
mp-1214837,AlIO,Pca2_1,Orthorhombic,-2.1440204883333336,1.6665038052668084,3.843184342648043,12,False,0.18415860083333424
mp-1215204,ZrTi2O,Cmmm,Orthorhombic,-1.596375502916664,0.0,5.688051610685806,4,True,0.0
mp-1215342,Zr6P2O,C2/m,Monoclinic,-1.3816065338095234,0.0,6.491921472873994,9,False,0.009392225222224937
mp-1215347,Zr6Co2O,Cm,Monoclinic,-0.4682996227777778,0.0,6.6406197827181135,9,False,0.36420311305555586
mp-1215349,Zr6Ni2O,C2/m,Monoclinic,-0.39691649944444723,0.0,6.988931494627254,9,False,0.49922789027777803
mp-1215351,Zr6Fe2O,C2/m,Monoclinic,-0.29253178722222295,0.0,6.421259482613915,9,False,0.4910720864444471
mp-1215377,Zr4O,R-3,Trigonal,-1.2407292990000003,0.0,6.611601417853336,15,True,0.0
mp-1215390,Zr4Br4O,R3m,Trigonal,-1.5219021505555554,0.0,5.249027727218675,9,False,0.23152396111110995
mp-1215410,Zn2TeO,R3m,Trigonal,-0.7762483304166663,0.0,5.63270827093397,4,False,0.4612827424999999
mp-1215626,ZnOF,Pnma,Orthorhombic,-1.5882045616666662,0.0,4.558776867736791,12,False,0.3092294191666669
mp-1215648,Zn4Te3O,R3m,Trigonal,-0.566144031875,0.005399999999999849,5.430356092636797,8,False,0.3947030212499998
mp-1215691,Zr10Al6O,P-31m,Trigonal,-0.7033297379411766,0.0,5.453569276122115,17,False,0.02858822926470861
mp-1215954,Zr10Al6O,P3m1,Trigonal,-0.7139548344117645,0.0,5.452660132298126,51,False,0.01796313279411965
mp-1216189,WNO,R3m,Trigonal,-0.45541270666666617,0.07699999999999996,8.399459291833084,3,False,0.8772193718055572
mp-1216217,W4C3O,P-6m2,Hexagonal,0.907651113750001,0.0,14.543118813439872,8,False,1.3799301103125021
mp-1216269,W2CO,P-6m2,Hexagonal,0.754443372499999,0.0,14.243547655291234,4,False,1.5784626681250007
mp-1216273,W2CO,Pmm2,Orthorhombic,0.7485191725,0.0,14.092237389230267,4,False,1.5725384681250016
mp-1216404,VCl2O,Imm2,Orthorhombic,-1.5644730693750004,1.804,2.6529446808436736,16,False,0.4053086178125005
mp-1216625,TiOF2,P4/mmm,Tetragonal,-3.5683719170833346,2.0549999999999997,2.9354392305158634,4,False,0.050652536562498796
mp-1216644,V2NO,P4/mmm,Tetragonal,-1.1368274250000017,0.0,5.224839280888552,4,False,0.638736073715279
mp-1216814,UOF3,P3m1,Trigonal,-3.3358277939999987,0.0,8.026299882445949,5,False,0.5059981987916515
mp-1216994,V2OF6,Ima2,Orthorhombic,-2.3615832238888896,0.0855999999999999,2.6193347775468268,18,False,0.5805577864583258
mp-1217052,Ti6P2O,C2/m,Monoclinic,-1.3887880560317458,0.0,4.879656290898352,9,True,0.0
mp-1217152,Ti2O,P2/m,Monoclinic,-1.9711538138888898,0.0,4.970669319281274,9,False,0.06440852000000064
mp-1217173,Ti4Mn2O,F-43m,Cubic,-0.5032554830993438,0.0,5.016766639917578,28,False,0.5110423998428608
mp-1217190,Ti4Fe2O,F-43m,Cubic,-0.3947644519047608,0.0,5.4180639036387515,28,False,0.7180937778571455
mp-1217206,Ti4Cu2O,F-43m,Cubic,-0.8511176311904772,0.0,5.8928164654646356,28,False,0.12287100714285604
mp-1217223,Ti4Ni2O,F-43m,Cubic,-0.3470915372619042,0.0,5.999612931851002,28,False,0.7514951924999993
mp-1218065,Ta6O,C2/m,Monoclinic,-0.6380528719999988,0.0,15.785084775438426,14,False,0.03125975427619032
mp-1218382,Sr4Bi2O,I4mm,Tetragonal,-1.5647277949999996,0.8808999999999996,5.833069538515041,7,True,0.0
mp-1219175,Sm2O,P4/mmm,Tetragonal,-2.0473829216666686,0.0,8.371442866603894,3,False,0.09814622680555374
mp-1219307,SiH2O,P1,Triclinic,-0.5509154368750009,0.0,1.7350128677016696,4,False,0.7599690252083331
mp-1219429,Sc2CO,R-3m,Trigonal,-2.068808289999999,0.0,4.064598322427738,4,True,0.0
mp-1219736,PrSO,Immm,Orthorhombic,-2.8663773497222222,0.6284000000000001,5.431241899109562,6,False,0.05172812416667938
mp-1220011,PNO,Cc,Monoclinic,-1.327425172103176,4.7263,2.759422572598927,18,False,0.09356884744444294
mp-1220556,NbBr3O,P2_1/c,Monoclinic,-1.4990817360000015,2.2437,4.123225143622232,20,False,0.2995851031642873
mp-1220867,NaTlO,P6_3mc,Hexagonal,-1.1694468649042176,0.9754999999999998,6.746343958912389,6,True,0.0
mp-1221446,N2O,P2_13,Cubic,-0.18660990666666896,6.23690042751595,1.6209556883868173,12,False,0.1562330458333312
mp-1221455,MoCl2O,Immm,Orthorhombic,-1.21918526375,0.0,3.2683170814786693,4,False,0.3585707705208332
mp-1221492,Mo2O,Fm-3m,Cubic,1.4471133283333326,0.0,7.926795771904006,3,False,2.4578909225
mp-1221539,MoBr3O,P2_1/c,Monoclinic,-0.8308605774999996,0.5542999999999998,4.317625766524623,20,False,0.2041254457500008
mp-1222028,MgClO,R3m,Trigonal,-1.664473963333333,0.0,2.560140402231364,3,False,0.5457225759375008
mp-1222278,LiIO,P4/mmm,Tetragonal,-0.39862516444444474,0.0,4.220612059889149,3,False,1.0259193355555576
mp-1222502,LiBrO,Pmma,Orthorhombic,-0.6522076294444439,0.0,3.1780137549606358,6,False,0.5951806763596497
mp-1222678,Li2BrO,P4/mmm,Tetragonal,-1.4134122716666666,0.028900000000000037,2.89994907614764,4,False,0.3296201137499999
mp-1222694,Li2BrO,P4/mmm,Tetragonal,-0.8979306441666663,0.0,2.429071270249616,4,False,0.8451017412500001
mp-1223153,La5Pb3O,I4cm,Tetragonal,-1.233189295,0.0,7.761049665701939,18,True,0.0
mp-1223784,K2O,P4/mmm,Tetragonal,-1.0339134831666659,0.0,1.86889526577865,3,False,0.19996455333333385
mp-1223812,K3ClO,Pm,Monoclinic,-1.49862499535,0.9897000000000001,2.0605616025875064,5,False,0.14080136799999998
mp-1224734,La20S29O,I-4c2,Tetragonal,-2.5484165139499995,1.9503000000000004,4.975745423812104,100,False,0.003380637149994037
mp-1224934,Ga12OF36,Imm2,Orthorhombic,-2.8185443409183675,1.0889,3.680134193133522,49,False,0.04883936173469383
mp-1225189,FeMoO,P3m1,Trigonal,0.18706030166666684,0.0,7.480646420815139,3,False,1.1996106908333344
mp-1226409,Cs3Cl5O,P6_3,Hexagonal,-1.0146325454406135,0.41590000000000005,3.063306933937282,18,False,0.548048626319444
mp-1228030,Ba4Bi2O,I4mm,Tetragonal,-1.5185464621428575,0.5712999999999999,6.053607453653915,7,True,0.0
mp-1228652,B8O,Pm,Monoclinic,-0.6036759005555554,2.1639999999999997,2.56182332095003,27,False,0.02264723666666768
mp-1228685,B8O,Cm,Monoclinic,-0.6042608731481494,2.7182000000000004,2.563558066385027,27,False,0.022062264074073745
mp-1228805,AlOF3,P4/mmm,Tetragonal,-2.1319150660000004,0.0,2.9692120634817325,5,False,0.962521763999999
mp-1228951,Al2CO,P-6m2,Hexagonal,-1.3540717850000012,1.7595999999999998,3.1719847205185325,4,False,0.1449560425000005
mp-1232365,Cu27CO,P3m1,Trigonal,0.22324814241379295,0.0,4.186258910761119,29,False,0.31473383301724134
mp-1232659,MnO,Pmmn,Orthorhombic,-2.032569766465519,1.1560999999999995,5.484829166278692,8,True,0.0
mp-1236878,MgSb2O,P-31m,Trigonal,-0.7556691912499994,0.0,5.512505182512611,24,False,0.7634853937499999
mp-1238773,MnO,P-6m2,Hexagonal,-1.6168904464655167,0.0,2.3498307743017275,2,False,0.4156793200000024
mp-1238792,OF,R-3m,Trigonal,0.5412694175000001,0.6031999999999997,2.054001003036839,4,False,0.912948766875
mp-1238899,MnO,F-43m,Cubic,-1.8994307364655167,0.005300000000000082,4.1079901296498305,2,False,0.13313903000000238
mp-1239060,LiMnO,P4mm,Tetragonal,-0.3497049254214559,1.3847,0.2573081742728026,3,False,1.3586172870114952
mp-1244871,BaO,P1,Triclinic,-2.6192757129000004,1.7048999999999999,4.9557550964191615,100,False,0.20436699459999996
mp-1244882,CoO,P1,Triclinic,-0.8700932445000007,0.2197,4.76629816147042,80,False,0.4017379017500007
mp-1244902,CaO,P1,Triclinic,-2.994917551100001,2.1384,2.810222597968401,100,False,0.3111018413999993
mp-1244907,BeO,P1,Triclinic,-2.845416666000001,4.4843,2.585868836753481,100,False,0.2574391364999995
mp-1244919,BeO,P1,Triclinic,-2.838604064200001,4.4524,2.51218061980503,100,False,0.2642517382999987
mp-1244926,TiO,P1,Triclinic,-2.5828635697666673,0.006899999999999906,4.433549144559339,100,False,0.3250927093999998
mp-1244939,CoO,P1,Triclinic,-0.862424194625001,0.2580999999999998,4.987670446052752,80,False,0.40940695162500074
mp-1244944,TiO,P1,Triclinic,-2.6060075242666674,0.0,4.454019647707278,100,False,0.3019487548999997
mp-1244955,Ti2O,P1,Triclinic,-1.699073769183006,0.0,4.526736653775709,102,False,0.33648856470588484
mp-1244956,Ti3O,P1,Triclinic,-1.2191184936499997,0.0,4.55315644261749,100,False,0.35079546885000035
mp-1244962,MgO,P1,Triclinic,-2.7090074568750007,2.2024999999999997,2.8368584507580414,80,False,0.329301713125
mp-1244963,BeO,P1,Triclinic,-2.8137379631000012,4.7618,2.5017335863863943,100,False,0.28911783939999935
mp-1244983,FeO,P1,Triclinic,-1.2036987710000004,0.2905000000000002,4.367429090053127,80,False,0.2778206164999988
mp-1245001,FeO,P1,Triclinic,-1.1611811947500001,0.04590000000000005,4.362710195071727,80,False,0.32033819274999953
mp-1245009,Li2O,P1,Triclinic,-1.8997470075163398,2.723,1.6835606598520736,102,False,0.16185090637254884
mp-1245015,ZnO,P1,Triclinic,-1.541949366625,1.2763,4.835097088177964,80,False,0.24894974587499963
mp-1245039,MgO,P1,Triclinic,-2.7839645477500006,1.9229000000000003,2.9362748487539134,80,False,0.25434462224999965
mp-1245045,MgO,P1,Triclinic,-2.7226156340000003,2.8658,2.7839277290451925,80,False,0.3156935359999995
mp-1245060,BeO,P1,Triclinic,-2.7759217962000005,4.2425,2.283228031888253,100,False,0.32693400630000014
mp-1245066,Ti2O,P1,Triclinic,-1.712330145555555,0.0,4.592992613207464,102,False,0.32323218833333556
mp-1245076,SnO,P1,Triclinic,-1.4399671095000002,0.5340999999999996,4.9654294064835724,80,False,0.18973529299999914
mp-1245079,BeO,P1,Triclinic,-2.7923029498000007,4.3210999999999995,2.415146139349008,100,False,0.3105528526999999
mp-1245089,CoO,P1,Triclinic,-0.9030274552500004,0.2662,4.868444433103061,80,False,0.368803691000001
mp-1245092,Li2O,P1,Triclinic,-1.888375888202614,2.461,1.6171570386254213,102,False,0.17322202568627443
mp-1245109,ZnO,P1,Triclinic,-1.543852975125,1.2176,5.110085346211842,80,False,0.24704613737499947
mp-1245110,Al2O,P1,Triclinic,-1.7200635674074074,0.0,1.513156167466322,54,False,0.18357588148148274
mp-1245115,SnO,P1,Triclinic,-1.4047076386249997,0.4361000000000006,5.008689268685952,80,False,0.2249947638749994
mp-1245128,MgO,P1,Triclinic,-2.6927556211250008,1.9477000000000002,2.8198755446162225,80,False,0.34555354887499945
mp-1245133,SnO,P1,Triclinic,-1.3908727376249999,0.4814999999999996,5.069638459982266,80,False,0.23882966487499946
mp-1245140,Ti3O,P1,Triclinic,-1.28731954965,0.0,4.64002642979701,100,False,0.2825944128499991
mp-1245141,TiO,P1,Triclinic,-2.5962512025666684,0.016300000000000203,4.399293336966232,100,False,0.31170507659999913
mp-1245143,MgO,P1,Triclinic,-2.6970015583750007,1.8772999999999995,2.6898132082981965,80,False,0.341307611625
mp-1245157,MgO,P1,Triclinic,-2.6899893985000007,2.0814999999999997,2.728925957220939,80,False,0.34831977149999993
mp-1245168,FeO,P1,Triclinic,-1.1758246667500003,0.05410000000000004,4.149972368872794,80,False,0.30569472074999915
mp-1245176,Ti3O,P1,Triclinic,-1.2788867664500003,0.0,4.616475063519328,100,False,0.29102719604999905
mp-1245186,Ti2O,P1,Triclinic,-1.7156359779084962,0.0,4.5468018255259,102,False,0.3199263559803942
mp-1245192,BaO,P1,Triclinic,-2.6176658503,1.3032,4.867820772943596,100,False,0.20597685720000047
mp-1245195,MgO,P1,Triclinic,-2.6935720832500003,2.0749999999999997,2.731932076653751,80,False,0.3447370867499995
mp-1245200,CaO,P1,Triclinic,-2.9645161929000006,1.9973999999999998,2.786404189722353,100,False,0.3415031995999991
mp-1245205,Na2O,P1,Triclinic,-1.1594579452332658,0.11619999999999986,1.8984621189416067,102,False,0.2662807406862737
mp-1245206,Ti2O,P1,Triclinic,-1.6930201957516335,0.0,4.492401784173094,102,False,0.3425421381372562
mp-1245209,ZnO,P1,Triclinic,-1.5460531986250003,1.2421,4.983603308142384,80,False,0.24484591387499943
mp-1245215,Al2O,P1,Triclinic,-1.7201258077777781,0.0,1.5179329583364018,54,False,0.18351364111111135
mp-1245224,Li2O,P1,Triclinic,-1.9119120910457517,2.736,1.7178391186021913,102,False,0.14968582284313658
mp-1245232,MgO,P1,Triclinic,-2.7167105923750006,1.8876999999999997,2.7441963321044365,80,False,0.3215985776249992
mp-1245255,ZnO,P1,Triclinic,-1.4025434456250003,0.93,4.98200188560062,80,False,0.38835566687499945
mp-1245276,BaO,P1,Triclinic,-2.5942751915999995,1.7494999999999998,4.884183206327413,100,False,0.22936751590000082
mp-1245278,Na2O,P1,Triclinic,-1.2788465464097363,0.6804,2.008383844612405,102,False,0.1468921395098035
mp-1245294,TiO,P1,Triclinic,-2.5925237458666675,0.0,4.492010910708188,100,False,0.3154325332999992
mp-1245298,BaO,P1,Triclinic,-2.6247761585,1.7653999999999999,4.875724406832709,100,False,0.1988665489999999
mp-1245303,Li2O,P1,Triclinic,-1.903023776143791,2.7845,1.7230421724991842,102,False,0.15857413774509688
mp-1245304,CoO,P1,Triclinic,-0.8877074668749998,0.34709999999999974,4.769569990115862,80,False,0.38412367937500136
mp-1245305,CaO,P1,Triclinic,-3.010641076600001,2.4659000000000004,2.8156113445294504,100,False,0.29537831589999897
mp-1245309,Ti2O,P1,Triclinic,-1.712045167614379,0.0,4.525877127436577,102,False,0.3235171662745113
mp-1245311,BaO,P1,Triclinic,-2.6521903023000006,1.4809999999999999,4.812621539986271,100,False,0.17145240520000016
mp-1245324,TiO,P1,Triclinic,-2.5726686239666687,0.000700000000000145,4.347487063972284,100,False,0.33528765519999837
mp-1245329,SnO,P1,Triclinic,-1.4323919363750002,0.5174000000000003,5.18520544905034,80,False,0.1973104661249998
mp-1245564,YCuO,R3m,Trigonal,-1.8160636350000001,0.0002999999999997449,4.931660617737537,3,False,0.4760868180092581
mp-1245910,TeO,P6_3/mmc,Hexagonal,-0.3077456458333323,0.0,7.711018708024856,4,False,0.8135493570833328
mp-1247828,AlOF,Pnma,Orthorhombic,-3.6004481494444445,5.2551,3.2004662633853815,36,False,0.022322871666668576
mp-1247836,Al4CO,Cm,Monoclinic,0.3193237783333327,0.0,2.35023094926475,6,False,1.3186756633333347
mp-1265399,Al4CO,Pm,Monoclinic,-0.5898523516666673,0.0,2.9132821630956403,6,False,0.4094995333333342
mp-1272524,CrO,C2/c,Monoclinic,-1.9229498662500006,1.5811000000000002,4.483018327653955,8,False,0.0492066079166662
mp-1273331,VO,P4/nmm,Tetragonal,-2.049556012500001,1.5467000000000004,5.1637336291967175,8,False,0.06256706520833255
mp-1273363,CrO,Cccm,Orthorhombic,-1.8705990124999996,0.16679999999999984,4.4362644595362895,4,False,0.10155746166666724
mp-1273655,MnOF,Imma,Orthorhombic,-2.356460018477011,1.9869,3.81037432739259,12,False,0.03804587527775727
mp-1273773,VOF2,P2_1/c,Monoclinic,-2.846575548125,0.8475999999999999,3.5821923920573715,16,False,0.012282657187499879
mp-1274279,FeO,C2/m,Monoclinic,-1.4815193874999997,2.3029,5.614899220280718,8,True,0.0
mp-1276506,VO,R-3m,Trigonal,-2.0363893975,1.7378999999999998,5.143250515826861,8,False,0.07573368020833371
mp-1277241,MnOF,Pnma,Orthorhombic,-2.3257516018103446,1.2908,3.6383722147363557,12,False,0.0687542919444235
mp-1277718,Cr4OF11,P1,Triclinic,-2.8755195137499996,1.0593,3.580917683780885,16,False,0.04044830058333648
mp-1280834,Fe2OF3,Cm,Monoclinic,-2.2940872891666664,1.6619,4.20492658379607,12,False,0.06364565592592086
mp-1280876,VOF2,Cc,Monoclinic,-2.848985619375,1.2544,3.4811396644234724,16,False,0.009872585937499956
mp-1281811,MnOF,Pmn2_1,Orthorhombic,-2.3100790359770116,0.15680000000000005,3.903756538867189,6,False,0.08442685777775694
mp-1283030,FeO,C2/c,Monoclinic,-1.4674575262499987,1.7989000000000002,5.559935905830431,8,False,0.014061861250000973
mp-1283577,CrO,Cccm,Orthorhombic,-1.9663870024999994,2.3962000000000003,4.514396254764391,8,False,0.005769471666667414
mp-1287184,VO,C2/m,Monoclinic,-2.0853218287499997,1.3417000000000003,5.594731499608899,8,False,0.0268012489583338
mp-1289220,VOF2,P2,Monoclinic,-2.8421610643750004,1.0954,3.5331577577325564,16,False,0.016697140937499633
mp-1295109,Mn2OF4,P2_1,Monoclinic,-2.531471548694582,0.799,3.499161483858765,14,False,0.074338061904764
mp-1301334,Co2OF3,C2/m,Monoclinic,-1.9563152291666668,0.42169999999999996,4.658334878394401,12,False,0.06769430083333372
mp-1302566,CrO,P-1,Triclinic,-1.9248406399999993,1.5375999999999999,4.4548974810889845,8,False,0.047315834166667514
mp-1302830,V4OF11,P1,Triclinic,-3.129656073125,0.0,3.6322370035475684,16,False,0.003347782708333469
mp-1303638,V4OF11,P1,Triclinic,-3.1294965062499998,1.8285,3.2632965431664247,16,False,0.003507349583333763
mp-1310084,Co2OF3,Cm,Monoclinic,-1.9576744616666673,1.0057,4.608790879914131,12,False,0.06633506833333325
mp-1332209,Fe5OF11,P1,Triclinic,-1.5725130852941167,0.3031,3.720262112124584,17,False,0.9629280199346439
mp-1345203,Mn5OF11,P1,Triclinic,-1.1594387005679507,0.0,3.50026845564213,17,False,1.6109565963725503
mp-1346391,Fe5OF11,P1,Triclinic,-1.832222892941176,0.4051,3.4822160980835677,17,False,0.7032182122875845
mp-1354560,Sn2N2O,P1,Triclinic,2.697567392,0.0,6.9875805119888765,40,False,3.3494483529999997
mp-1354978,Zr2N2O,P1,Triclinic,1.0724065420000002,0.0,5.590566069946458,40,False,3.3919680775000023
mp-1355084,Zr2N2O,P1,Triclinic,0.9508898075000005,0.0,5.587788171320009,40,False,3.270451343000002
mp-1356710,Zr2N2O,P1,Triclinic,1.1096299852499996,0.0,5.588607989647329,40,False,3.4291915207500017
mp-1356724,Zr2N2O,P1,Triclinic,0.9862534067499993,0.0,5.58540891401328,40,False,3.3058149422500014
mp-1357451,Ti2N2O,P1,Triclinic,1.2083109079166647,0.008300000000000196,4.334977422922989,40,False,3.3983951659999994
mp-1357473,Sn2N2O,P1,Triclinic,2.65451416375,0.0,6.988539801938422,40,False,3.30639512475
mp-1358821,Zr2N2O,P1,Triclinic,1.0909586669999995,0.0,5.589504761094316,40,False,3.4105202025000017
mp-1359894,Ti2N2O,P1,Triclinic,1.0065038091666652,0.0,4.340027801180395,40,False,3.1965880672499996
mp-1360063,Ti2N2O,P1,Triclinic,0.8131267136666651,0.0,4.330407785210747,40,False,3.0032109717499997
mp-1360261,Hf2N2O,P1,Triclinic,1.0289601160000004,0.0,10.393559317805352,40,False,3.543365325
mp-1360299,Hf2N2O,P1,Triclinic,1.3956238537499999,0.0,10.39045366386385,40,False,3.9100290627499996
mp-1362216,Hf2N2O,P1,Triclinic,1.0904142212500005,0.0,10.390528071670394,40,False,3.60481943025
mp-1371307,Mn5OF11,P1,Triclinic,-2.0482144082150096,0.0032999999999999696,3.2456456409896766,17,False,0.7221808887254912
mp-1376078,V2OF5,P1,Triclinic,-0.8689768699999997,0.007299999999999862,3.286449094037702,24,False,2.1773008829166676
mp-1379330,Ti2N2O,P1,Triclinic,1.0658102029166656,0.0,4.33649222247305,40,False,3.2558944610000005
mp-1379904,Zr2N2O,P1,Triclinic,1.0882147582499997,0.0,5.588867584799234,40,False,3.4077762937500014
mp-1380148,Zr2N2O,P1,Triclinic,1.0818169892499996,0.0,5.5869850966377115,40,False,3.401378524750001
mp-1390750,Cr4OF11,P1,Triclinic,-1.6637776806250004,0.0,3.618826481501753,16,False,1.2521901337083357
mp-1393057,V4OF11,P1,Triclinic,-1.6824252450000001,0.5855490788083051,3.2789480402322697,16,False,1.4505786108333334
mp-1399519,BiOF,P2_1,Monoclinic,-2.2138231433333355,2.6667,8.635856680072854,6,False,0.016363920833354584
mp-353,Ag2O,Pn-3m,Cubic,-0.3156338577777748,0.0,7.163037735938534,6,True,0.0
mp-361,Cu2O,Pn-3m,Cubic,-0.6445054383333334,0.5126999999999997,6.204947176738228,6,True,0.0
mp-499,AgO,Cccm,Orthorhombic,-0.4399355433333323,0.0,7.128585438167112,4,False,0.0026362224999996187
mp-806,PuO,Fm-3m,Cubic,-2.5666064118749947,0.0,14.02700765797612,2,False,0.1876044402083359
mp-882,Ti6O,P-31m,Trigonal,-0.9049613478571418,0.0,4.716091500709671,14,False,0.011734072857143119
mp-971,K2O,Fm-3m,Cubic,-1.2338780364999995,1.7052,2.4138111047782043,6,True,0.0
mp-1017,Zr3O,P6_322,Hexagonal,-1.5387357718750012,0.0,6.69984282918577,8,False,0.007423523749999106
mp-1132,CdO,Fm-3m,Cubic,-1.3461513474999993,0.0,8.100938400185731,2,True,0.0
mp-1203,TiO,C2/m,Monoclinic,-2.8553831311666658,0.0,4.934842406185885,10,False,0.05257314800000046
mp-1215,Ti2O,P-3m1,Trigonal,-2.035562333888889,0.0,5.090956517521072,3,True,0.0
mp-1224,HgO,Pnma,Orthorhombic,-0.6350574825000042,1.2057,10.770191921803868,8,True,0.0
mp-1265,MgO,Fm-3m,Cubic,-3.03830917,4.4292,3.6289033870223943,2,True,0.0
mp-1288,AgO,I4_1/a,Tetragonal,-0.39539135520833213,0.1826000000000001,7.240353227537943,16,False,0.04718041062499978
mp-1336,PdO,P4_2/mmc,Tetragonal,-0.7898264049999995,0.0,8.117605875103205,4,True,0.0
mp-1342,BaO,Fm-3m,Cubic,-2.8236427075000003,2.0906000000000002,5.859229678931834,2,True,0.0
mp-1346,B6O,R-3m,Trigonal,-0.805272605000001,1.8563999999999998,2.6217735306809677,14,True,0.0
mp-1394,Rb2O,Fm-3m,Cubic,-1.1299987866666665,1.3181000000000003,4.015077329276568,6,False,0.0031695866666665573
mp-1611,SmO,Fm-3m,Cubic,-3.107168025,0.0,9.020264686259154,2,False,0.11112569770833325
mp-1692,CuO,P4_2/mmc,Tetragonal,-0.9427949424999991,0.0,6.155599930561004,4,True,0.0
mp-1778,BeO,F-43m,Cubic,-3.095882134999999,6.847700000000001,3.033562477590866,2,False,0.006973667500000502
mp-1794,BeO,Fm-3m,Cubic,-2.6213810749999995,8.1681,3.4185469080869417,2,False,0.4814747275000002
mp-1895,TaO,Fm-3m,Cubic,-1.2274490661666668,0.0,14.286177464054436,2,False,1.115145125799998
mp-1960,Li2O,Fm-3m,Cubic,-2.0615979138888885,4.8986,1.9693024788017823,3,True,0.0
mp-1986,ZnO,F-43m,Cubic,-1.7828301824999992,0.6311,5.7083366245245974,2,False,0.008068930000000307
mp-2097,SnO,P4/nmm,Tetragonal,-1.6297024024999995,0.4077000000000002,6.294342869480089,4,True,0.0
mp-2133,ZnO,P6_3mc,Hexagonal,-1.7908991124999996,0.7316,5.7042178148357205,4,True,0.0
mp-2229,ZnO,Fm-3m,Cubic,-1.6436317724999996,0.7195,6.619789661835996,2,False,0.14726733999999997
mp-2311,NbO,Pm-3m,Cubic,-2.287660930833333,0.0,7.068081579827412,6,True,0.0
mp-2352,Na2O,Fm-3m,Cubic,-1.4257386859195398,1.8730000000000002,2.494753648201913,3,True,0.0
mp-2472,SrO,Fm-3m,Cubic,-3.0756235274999995,3.276,4.987595387559458,2,True,0.0
mp-2542,BeO,P6_3mc,Hexagonal,-3.1028558024999997,7.463099999999999,3.0194371131212456,4,True,0.0
mp-2591,Ti3O,P-31c,Trigonal,-1.5699139624999994,0.0,4.890993439140411,16,True,0.0
mp-2605,CaO,Fm-3m,Cubic,-3.3060193924999997,3.6363,3.3530837533637103,2,True,0.0
mp-2664,TiO,Fm-3m,Cubic,-2.635512259166669,0.0,5.375278816750462,2,False,0.27244401999999823
mp-2692,NbO,Fm-3m,Cubic,-1.4989005225000014,0.0,7.879848262732552,2,False,0.7887604083333315
mp-2735,PaO,Fm-3m,Cubic,-2.7596726025000002,0.0,13.628251612382275,2,False,0.25729369499999954
mp-2948,Si2N2O,P-3m1,Trigonal,-1.581903125250001,4.197399999999999,3.7789462624558863,40,False,0.3089481174166693
mp-3037,UTeO,P4/nmm,Tetragonal,-2.2589662555555527,0.0,9.383901854618795,6,False,0.09575164999998442
mp-3074,KAgO,I4/mmm,Tetragonal,-1.0272512721388882,1.4858,4.099159392580221,12,True,0.0
mp-3217,USeO,P4/nmm,Tetragonal,-2.507833255781249,0.0,10.294405994791033,6,False,0.09324221383333509
mp-3263,USO,P4/nmm,Tetragonal,-2.780894070833336,0.0,9.565921699139391,6,True,0.0
mp-3519,ZrSO,P2_13,Cubic,-2.8471034749999986,2.4195,4.937205526844764,12,True,0.0
mp-3637,YOF,R-3m,Trigonal,-4.213851241666669,4.9303,5.237683541614086,6,True,0.0
mp-3718,ThTeO,P4/nmm,Tetragonal,-2.854193908888887,0.24239999999999995,9.36962247727598,6,False,0.047578605740742574
mp-3967,NaNO,P2_1/c,Monoclinic,-0.9619318771264377,3.389,2.3773766073576414,24,False,0.08488777124999825
mp-4165,TaNO,P2_1/c,Monoclinic,-2.14377031411111,1.9226,10.896074321717997,12,False,0.09371751866666678
mp-4187,Ge2N2O,Cmc2_1,Orthorhombic,-0.6735289090000016,2.6165,4.547531920230022,10,False,0.14620141449999924
mp-4400,Si2N2O,C2/c,Monoclinic,-1.403091776333333,5.177900000000001,4.0826946538588125,30,False,0.4877594663333369
mp-4405,Rb3AuO,Pm-3m,Cubic,-0.8160150875000003,0.19789999999999996,4.660879725007663,5,True,0.0
mp-4497,Si2N2O,Cmc2_1,Orthorhombic,-1.7744219810000004,4.923500000000001,2.799104865589865,10,False,0.11642926166667067
mp-4644,Si2N2O,I4_1/amd,Tetragonal,-1.5853904492500006,4.410699999999999,3.773318416421762,40,False,0.3054607934166711
mp-4661,ScOF,P2_1/c,Monoclinic,-4.125522926666668,4.4798,3.8414089134939666,12,True,0.0
mp-4662,ScOF,P2_1/c,Monoclinic,-4.077794291666668,4.5776,3.5836052505969196,12,False,0.04772863500000035
mp-5127,LiCuO,I4/mmm,Tetragonal,-1.432946590277778,1.4376000000000002,4.289470405864194,12,True,0.0
mp-5380,Ca4P2O,I4/mmm,Tetragonal,-1.7705577220408146,1.2708,2.5982319938509133,7,True,0.0
mp-5634,NdOF,R-3m,Trigonal,-4.1569661008333325,4.4986,6.661372353820639,6,True,0.0
mp-5813,TaNO,C2/m,Monoclinic,-2.132491269944444,2.2060999999999997,8.643258014706182,12,False,0.10499656283333181
mp-6927,NpO,Fm-3m,Cubic,-2.5443151168750013,0.0,14.65617520879385,2,False,0.15658801781250098
mp-6948,KNaO,P4/nmm,Tetragonal,-1.3149112078764358,2.1322,2.676309056127634,6,False,0.014897153333333968
mp-6983,NaAgO,I4/mmm,Tetragonal,-1.0368967485153249,1.2224,4.804486950882688,12,True,0.0
mp-7100,LaOF,P4/nmm,Tetragonal,-4.25637281,4.5658,5.999156685609886,6,False,9.399500000029093e-05
mp-7139,N2O,Pa-3,Cubic,1.3232133008333318,3.3297,1.390242154702226,12,False,1.6660562533333323
mp-7469,NaCuO,I4/mmm,Tetragonal,-1.2260592587931036,1.2686,3.8377160007877644,12,True,0.0
mp-7470,RbCuO,I4/mmm,Tetragonal,-1.1888988208333338,1.1568,4.1925987087777905,12,True,0.0
mp-7487,BaO,P4/nmm,Tetragonal,-2.691978065,2.7678000000000003,5.689560878341033,4,False,0.13166464250000054
mp-7596,NbNO,P2_1/c,Monoclinic,-1.8556318083333352,1.5474999999999999,6.179509150309409,12,False,0.09519513581609296
mp-7599,BeO,P4_2/mnm,Tetragonal,-3.087509171249999,7.0842,2.9128782434870244,8,False,0.015346631250000797
mp-7609,SbOF,Pnma,Orthorhombic,-2.199821948541669,3.3117,5.254020754832829,12,False,0.0004386727083316444
mp-7711,Ag2O,P-3m1,Trigonal,-0.19634364944444313,0.0,8.6148781993119,3,False,0.11929020833333182
mp-7787,HfSO,P2_13,Cubic,-2.958540832500001,2.8696,8.300632007841719,12,False,0.007226627083330328
mp-7826,HgO,P3_121,Trigonal,-0.6321585112500075,1.3293,10.7905216652644,6,False,0.002898971249996496
mp-7830,UO,Fm-3m,Cubic,-2.6085019174999964,0.0,14.668300878131955,2,False,0.21142838274193743
mp-7870,GdO,F-43m,Cubic,-3.047584887500001,0.0,7.33949910908362,2,False,0.19859160583333235
mp-7911,KCuO,I4/mmm,Tetragonal,-1.2178062915833323,1.2429999999999999,3.359754683242923,12,True,0.0
mp-7915,ZrSiO,P4/nmm,Tetragonal,-1.9933308600000015,0.0,5.545434293647622,6,False,0.23557799291666548
mp-7947,PtO,P4_2/mmc,Tetragonal,-0.5843075524999994,0.0,13.11196091249024,4,False,0.13912734124999826
mp-7950,ThSeO,P4/nmm,Tetragonal,-3.1468959607812494,0.7683999999999997,9.415368526903263,6,False,0.059485071249964605
mp-7961,Sr3SnO,Pm-3m,Cubic,-1.6425350620000003,0.0,4.828065211504286,5,True,0.0
mp-7988,Cs2O,R-3m,Trigonal,-1.1802465447701174,0.5831999999999997,4.577833408840004,3,True,0.0
mp-8022,Al2O,Fm-3m,Cubic,-0.1415348483333331,0.0,2.5206489204927993,3,False,1.7621046005555563
mp-8023,AlO,Fm-3m,Cubic,-1.5521156375,0.0,3.1824419214134223,2,False,1.3033435358333332
mp-8111,LaOF,R-3m,Trigonal,-4.2564668050000005,4.2198,6.068164771368503,6,True,0.0
mp-8136,ThSO,P4/nmm,Tetragonal,-3.4304611374999987,1.1144999999999996,8.692176451801572,6,True,0.0
mp-8137,NpSO,P4/nmm,Tetragonal,-2.6522361487500015,0.0,9.736048489620535,6,True,0.0
mp-8222,AgO,F-43m,Cubic,-0.13387830833333236,0.0,6.324174057369103,2,False,0.30869345749999955
mp-8231,ZrSO,P4/nmm,Tetragonal,-2.8214315358333337,0.7956000000000003,5.6163536491403505,6,False,0.025671939166665325
mp-8298,Sr4P2O,I4/mmm,Tetragonal,-1.6337939291836732,1.2132,3.8379830104338577,7,True,0.0
mp-8299,Sr4As2O,I4/mmm,Tetragonal,-1.7015557828571442,1.1913,4.4446981330411495,7,True,0.0
mp-8300,Ba4As2O,I4/mmm,Tetragonal,-1.5774581914285675,0.6642000000000001,5.042582143118655,7,True,0.0
mp-8323,Dy2S2O,Pnma,Orthorhombic,-2.961990020166666,2.1700999999999997,6.785800938056793,20,False,0.012651643499999032
mp-8324,Dy2S2O,P2_1/c,Monoclinic,-2.9667975996666662,2.5624,7.017234011768885,20,False,0.007844063999998596
mp-8453,RbNaO,P4/nmm,Tetragonal,-1.267481359626436,1.9907000000000001,3.880070700661583,6,False,0.011972170000000837
mp-8603,RbAgO,I4/mmm,Tetragonal,-0.9997084205555554,1.427,4.749830453067004,12,True,0.0
mp-8666,CsAgO,I4/mmm,Tetragonal,-0.9897648946072799,1.4719000000000002,5.213697378590655,12,True,0.0
mp-8762,Er2S2O,P2_1/c,Monoclinic,-2.974195047499999,2.6476,7.397033263464725,20,False,0.012810954333321689
mp-8763,Tm2S2O,P2_1/c,Monoclinic,-2.975967371000002,2.6958,7.4433004765951525,20,False,0.02278547562500144
mp-8789,Ca4As2O,I4/mmm,Tetragonal,-1.8096057000000003,1.2121000000000004,3.4019217392031775,7,True,0.0
mp-8869,Y2S2O,P2_1/c,Monoclinic,-2.9347289894999995,2.5563999999999996,4.438449248458101,20,False,0.011216984999999013
mp-8993,Sm2S2O,P2_1/c,Monoclinic,-2.9278534334999984,2.4909,6.12466013561091,20,False,0.007007652750004034
mp-9200,K3AuO,Pm-3m,Cubic,-0.879719693349999,0.5612,3.8459224141342596,5,True,0.0
mp-9488,SmOF,R-3m,Trigonal,-4.20031741666667,4.7284,7.225699634868194,6,True,0.0
mp-9721,Ca3GeO,Pm-3m,Cubic,-1.7046520700000005,0.0,3.309284019654219,5,False,0.003025917000000433
mp-9774,Ba4Sb2O,I4/mmm,Tetragonal,-1.5963649078571431,0.6354000000000002,5.1704613165573825,7,True,0.0
mp-9799,Yb4As2O,I4/mmm,Tetragonal,-1.6551878119642904,0.9581,10.028399172584564,7,False,0.3183936253571389
mp-9986,CsAuO,I4/mmm,Tetragonal,-1.0613471215517276,1.3962,7.071678845464159,12,True,0.0
mp-10197,ZrO,Fm-3m,Cubic,-2.5599047675000017,0.0,7.197062638088304,2,False,0.3467296037499974
mp-10219,YOF,P4/nmm,Tetragonal,-4.196186996666667,4.9449000000000005,5.144238266447803,6,False,0.01766424500000241
mp-10547,RbAuO,I4/mmm,Tetragonal,-1.0679557091666692,1.4305,6.849364457096821,12,True,0.0
mp-10688,CeO,Fm-3m,Cubic,-3.2322314924999986,0.0,8.46565321670768,2,True,0.0
mp-10728,PdO,Fm-3m,Cubic,-0.3405414124999995,0.0,8.650294497957157,2,False,0.4492849925
mp-10729,Pd2O,Pn-3m,Cubic,-0.3878816099999997,0.0,8.109031183681832,6,False,0.1386693266666672
mp-10735,Zr2O,Pn-3m,Cubic,-1.7716419150000011,0.0,5.683818032715772,6,False,0.22800907249999725
mp-10925,Pr2Se2O,P2_1/c,Monoclinic,-2.5619749761041684,2.0623999999999993,6.30318883484532,20,False,0.1441430343750003
mp-11344,PrO,Fm-3m,Cubic,-3.039014093333332,0.0,7.9558278215507565,2,False,0.06871121451388795
mp-11540,PtO,Fm-3m,Cubic,0.20598929250000086,0.0,14.165132493378241,2,False,0.9294241862499986
mp-11649,Ca3SiO,Pnma,Orthorhombic,-1.6121761485000001,0.18660000000000032,2.6086994193445388,20,False,0.0007115155000008144
mp-11651,Yb3SnO,Pm-3m,Cubic,-1.5457810287500025,0.0,10.79202941417436,5,False,0.1891590938333394
mp-11652,Yb3PbO,Pm-3m,Cubic,-1.427881028750005,0.0,12.114065910429597,5,False,0.1365434520833375
mp-11875,CO,P2_13,Cubic,-0.6647348837500004,6.154100000000001,0.8771074280622899,8,False,0.6618076299999993
mp-13119,CdO,P6_3mc,Hexagonal,-1.2668957174999989,0.0,6.474057513542872,4,False,0.07925563000000047
mp-13161,ZnO,Pm-3m,Cubic,-1.0736901225,0.0,6.930472524149166,2,False,0.7172089899999996
mp-13660,Ca4Sb2O,I4/mmm,Tetragonal,-1.7268969921428554,0.9078999999999997,3.872293524645251,7,True,0.0
mp-14024,Zr3O,R-3c,Trigonal,-1.5461592956250003,0.0,6.68857556528936,8,True,0.0
mp-14093,TbOF,R-3m,Trigonal,-4.2624233388888895,4.9353,8.094797510492299,6,True,0.0
